[18:07:09] Core initialized.
[18:07:09] DLCManager hook loaded.
[18:07:09] DLC Heist Unlocker is enabled.
[18:07:09] CarryTweakData hook loaded.
[18:07:09] Carry++ physics modifiers applied.
[18:07:09] PlayerManager hook loaded.
[18:07:09] PlayerDamage hook loaded.
[18:07:09] PlayerMovement hook loaded.
[23:09:11] Core initialized.
[23:09:11] DLCManager hook loaded.
[23:09:11] DLC Heist Unlocker is enabled.
[23:09:11] CarryTweakData hook loaded.
[23:09:11] Carry++ physics modifiers applied.
[23:09:11] PlayerManager hook loaded.
[23:09:12] PlayerDamage hook loaded.
[23:09:12] PlayerMovement hook loaded.
[23:13:15] Core initialized.
[23:13:15] DLCManager hook loaded.
[23:13:15] DLC Heist Unlocker is enabled.
[23:13:15] CarryTweakData hook loaded.
[23:13:15] Carry++ physics modifiers applied.
[23:13:15] PlayerManager hook loaded.
[23:13:16] GroupAIStateBase hook loaded.
[23:13:16] PlayerDamage hook loaded.
[23:13:16] PlayerMovement hook loaded.
[23:13:16] CopBrain hook loaded.
[23:13:16] PlayerDamage hook loaded.
[23:13:16] PlayerDamage hook loaded.
[23:13:16] PlayerMovement hook loaded.
[23:16:15] Core initialized.
[23:16:15] DLCManager hook loaded.
[23:16:15] DLC Heist Unlocker is enabled.
[23:16:15] CarryTweakData hook loaded.
[23:16:15] Carry++ physics modifiers applied.
[23:16:15] PlayerManager hook loaded.
[23:16:15] GroupAIStateBase hook loaded.
[23:16:15] PlayerDamage hook loaded.
[23:16:15] PlayerMovement hook loaded.
[23:16:15] CopBrain hook loaded.
[23:16:15] PlayerDamage hook loaded.
[23:16:15] PlayerDamage hook loaded.
[23:16:15] PlayerMovement hook loaded.
[23:20:29] Core initialized.
[23:20:29] DLCManager hook loaded.
[23:20:29] DLC Heist Unlocker is enabled.
[23:20:29] CarryTweakData hook loaded.
[23:20:29] Carry++ physics modifiers applied.
[23:20:29] PlayerManager hook loaded.
[23:20:29] GroupAIStateBase hook loaded.
[23:20:29] PlayerDamage hook loaded.
[23:20:29] PlayerMovement hook loaded.
[23:20:29] CopBrain hook loaded.
[23:20:29] PlayerDamage hook loaded.
[23:20:29] PlayerDamage hook loaded.
[23:20:29] PlayerMovement hook loaded.
[23:22:06] Core initialized.
[23:22:06] DLCManager hook loaded.
[23:22:06] DLC Heist Unlocker is enabled.
[23:22:06] CarryTweakData hook loaded.
[23:22:06] Carry++ physics modifiers applied.
[23:22:06] PlayerManager hook loaded.
[23:22:06] PlayerDamage hook loaded.
[23:22:06] PlayerMovement hook loaded.
[23:36:06] Core initialized.
[23:36:06] DLCManager hook loaded.
[23:36:06] DLC Heist Unlocker is enabled.
[23:36:06] CarryTweakData hook loaded.
[23:36:06] Carry++ physics modifiers applied.
[23:36:06] PlayerManager hook loaded.
[23:36:06] PlayerDamage hook loaded.
[23:36:06] PlayerMovement hook loaded.
[21:16:04] Core initialized.
[21:16:04] DLCManager hook loaded.
[21:16:04] DLC Heist Unlocker is enabled.
[21:16:04] CarryTweakData hook loaded.
[21:16:04] Carry++ physics modifiers applied.
[21:16:04] PlayerManager hook loaded.
[21:16:04] PlayerDamage hook loaded.
[21:16:05] PlayerMovement hook loaded.
[21:29:22] Core initialized.
[21:29:22] DLCManager hook loaded.
[21:29:22] DLC Heist Unlocker is enabled.
[21:29:22] CarryTweakData hook loaded.
[21:29:22] Carry++ physics modifiers applied.
[21:29:22] PlayerManager hook loaded.
[21:29:22] GroupAIStateBase hook loaded.
[21:29:22] PlayerDamage hook loaded.
[21:29:22] PlayerMovement hook loaded.
[21:29:22] CopBrain hook loaded.
[21:29:22] PlayerDamage hook loaded.
[21:29:22] PlayerDamage hook loaded.
[21:29:22] PlayerMovement hook loaded.
[21:38:10] Core initialized.
[21:38:10] DLCManager hook loaded.
[21:38:10] DLC Heist Unlocker is enabled.
[21:38:10] CarryTweakData hook loaded.
[21:38:10] Carry++ physics modifiers applied.
[21:38:10] PlayerManager hook loaded.
[21:38:10] PlayerDamage hook loaded.
[21:38:10] PlayerMovement hook loaded.
[21:39:34] Core initialized.
[21:39:34] DLCManager hook loaded.
[21:39:34] DLC Heist Unlocker is enabled.
[21:39:34] CarryTweakData hook loaded.
[21:39:34] Carry++ physics modifiers applied.
[21:39:34] PlayerManager hook loaded.
[21:39:34] PlayerDamage hook loaded.
[21:39:34] PlayerMovement hook loaded.
[21:40:14] Core initialized.
[21:40:14] DLCManager hook loaded.
[21:40:14] DLC Heist Unlocker is enabled.
[21:40:14] CarryTweakData hook loaded.
[21:40:14] Carry++ physics modifiers applied.
[21:40:14] PlayerManager hook loaded.
[21:40:15] GroupAIStateBase hook loaded.
[21:40:15] PlayerDamage hook loaded.
[21:40:15] PlayerMovement hook loaded.
[21:40:15] CopBrain hook loaded.
[21:40:15] PlayerDamage hook loaded.
[21:40:15] PlayerDamage hook loaded.
[21:40:15] PlayerMovement hook loaded.
[21:44:28] Core initialized.
[21:44:28] DLCManager hook loaded.
[21:44:28] DLC Heist Unlocker is enabled.
[21:44:28] CarryTweakData hook loaded.
[21:44:29] Carry++ physics modifiers applied.
[21:44:29] PlayerManager hook loaded.
[21:44:29] PlayerDamage hook loaded.
[21:44:29] PlayerMovement hook loaded.
[21:46:25] Core initialized.
[21:46:25] DLCManager hook loaded.
[21:46:25] DLC Heist Unlocker is enabled.
[21:46:25] CarryTweakData hook loaded.
[21:46:25] Carry++ physics modifiers applied.
[21:46:25] PlayerManager hook loaded.
[21:46:25] GroupAIStateBase hook loaded.
[21:46:25] PlayerDamage hook loaded.
[21:46:25] PlayerMovement hook loaded.
[21:46:25] CopBrain hook loaded.
[21:46:25] PlayerDamage hook loaded.
[21:46:25] PlayerDamage hook loaded.
[21:46:25] PlayerMovement hook loaded.
[21:58:39] Core initialized.
[21:58:39] DLCManager hook loaded.
[21:58:39] DLC Heist Unlocker is enabled.
[21:58:39] CarryTweakData hook loaded.
[21:58:39] Carry++ physics modifiers applied.
[21:58:39] PlayerManager hook loaded.
[21:58:39] GroupAIStateBase hook loaded.
[21:58:39] PlayerDamage hook loaded.
[21:58:39] PlayerMovement hook loaded.
[21:58:39] CopBrain hook loaded.
[21:58:39] PlayerDamage hook loaded.
[21:58:39] PlayerDamage hook loaded.
[21:58:39] PlayerMovement hook loaded.
[22:11:32] Core initialized.
[22:11:32] DLCManager hook loaded.
[22:11:32] DLC Heist Unlocker is enabled.
[22:11:32] CarryTweakData hook loaded.
[22:11:32] Carry++ physics modifiers applied.
[22:11:32] PlayerManager hook loaded.
[22:11:32] PlayerDamage hook loaded.
[22:11:32] PlayerMovement hook loaded.
[22:11:49] Core initialized.
[22:11:49] DLCManager hook loaded.
[22:11:49] DLC Heist Unlocker is enabled.
[22:11:49] CarryTweakData hook loaded.
[22:11:49] Carry++ physics modifiers applied.
[22:11:49] PlayerManager hook loaded.
[22:11:49] GroupAIStateBase hook loaded.
[22:11:49] PlayerDamage hook loaded.
[22:11:49] PlayerMovement hook loaded.
[22:11:49] CopBrain hook loaded.
[22:11:49] PlayerDamage hook loaded.
[22:11:49] PlayerDamage hook loaded.
[22:11:49] PlayerMovement hook loaded.
[22:33:15] Core initialized.
[22:33:15] DLCManager hook loaded.
[22:33:15] DLC Heist Unlocker is enabled.
[22:33:15] CarryTweakData hook loaded.
[22:33:15] Carry++ physics modifiers applied.
[22:33:15] PlayerManager hook loaded.
[22:33:15] PlayerDamage hook loaded.
[22:33:15] PlayerMovement hook loaded.
[18:15:27] Core initialized.
[18:15:27] DLCManager hook loaded.
[18:15:27] DLC Heist Unlocker is enabled.
[18:15:27] CarryTweakData hook loaded.
[18:15:27] Carry++ physics modifiers applied.
[18:15:27] PlayerManager hook loaded.
[18:15:27] PlayerDamage hook loaded.
[18:15:27] PlayerMovement hook loaded.
[07:41:27] Core initialized.
[07:41:27] DLCManager hook loaded.
[07:41:27] DLC Heist Unlocker is enabled.
[07:41:27] CarryTweakData hook loaded.
[07:41:27] Carry++ physics modifiers applied.
[07:41:28] PlayerManager hook loaded.
[07:41:28] PlayerDamage hook loaded.
[07:41:28] PlayerMovement hook loaded.
[07:42:43] Core initialized.
[07:42:43] DLCManager hook loaded.
[07:42:43] DLC Heist Unlocker is enabled.
[07:42:43] CarryTweakData hook loaded.
[07:42:43] Carry++ physics modifiers applied.
[07:42:43] PlayerManager hook loaded.
[07:42:43] GroupAIStateBase hook loaded.
[07:42:43] PlayerDamage hook loaded.
[07:42:43] PlayerMovement hook loaded.
[07:42:43] CopBrain hook loaded.
[07:42:43] PlayerDamage hook loaded.
[07:42:43] PlayerDamage hook loaded.
[07:42:43] PlayerMovement hook loaded.
[08:06:48] Core initialized.
[08:06:48] DLCManager hook loaded.
[08:06:48] DLC Heist Unlocker is enabled.
[08:06:48] CarryTweakData hook loaded.
[08:06:48] Carry++ physics modifiers applied.
[08:06:48] PlayerManager hook loaded.
[08:06:48] PlayerDamage hook loaded.
[08:06:48] PlayerMovement hook loaded.
[23:46:28] Core initialized.
[23:46:28] DLCManager hook loaded.
[23:46:28] DLC Heist Unlocker is enabled.
[23:46:29] CarryTweakData hook loaded.
[23:46:29] Carry++ physics modifiers applied.
[23:46:29] PlayerManager hook loaded.
[23:46:29] PlayerDamage hook loaded.
[23:46:29] PlayerMovement hook loaded.
[23:48:44] Core initialized.
[23:48:44] DLCManager hook loaded.
[23:48:44] DLC Heist Unlocker is enabled.
[23:48:44] CarryTweakData hook loaded.
[23:48:45] Carry++ physics modifiers applied.
[23:48:45] PlayerManager hook loaded.
[23:48:45] GroupAIStateBase hook loaded.
[23:48:45] PlayerDamage hook loaded.
[23:48:45] PlayerMovement hook loaded.
[23:48:45] CopBrain hook loaded.
[23:48:45] PlayerDamage hook loaded.
[23:48:45] PlayerDamage hook loaded.
[23:48:45] PlayerMovement hook loaded.
[00:04:40] Core initialized.
[00:04:40] DLCManager hook loaded.
[00:04:40] DLC Heist Unlocker is enabled.
[00:04:40] CarryTweakData hook loaded.
[00:04:40] Carry++ physics modifiers applied.
[00:04:40] PlayerManager hook loaded.
[00:04:40] PlayerDamage hook loaded.
[00:04:40] PlayerMovement hook loaded.
[00:13:34] Core initialized.
[00:13:34] DLCManager hook loaded.
[00:13:34] DLC Heist Unlocker is enabled.
[00:13:34] CarryTweakData hook loaded.
[00:13:34] Carry++ physics modifiers applied.
[00:13:34] PlayerManager hook loaded.
[00:13:34] GroupAIStateBase hook loaded.
[00:13:34] PlayerDamage hook loaded.
[00:13:34] PlayerMovement hook loaded.
[00:13:34] CopBrain hook loaded.
[00:13:35] PlayerDamage hook loaded.
[00:13:35] PlayerDamage hook loaded.
[00:13:35] PlayerMovement hook loaded.
[00:27:06] Core initialized.
[00:27:06] DLCManager hook loaded.
[00:27:06] DLC Heist Unlocker is enabled.
[00:27:06] CarryTweakData hook loaded.
[00:27:06] Carry++ physics modifiers applied.
[00:27:06] PlayerManager hook loaded.
[00:27:06] PlayerDamage hook loaded.
[00:27:06] PlayerMovement hook loaded.
[00:30:56] Core initialized.
[00:30:56] DLCManager hook loaded.
[00:30:56] DLC Heist Unlocker is enabled.
[00:30:56] CarryTweakData hook loaded.
[00:30:56] Carry++ physics modifiers applied.
[00:30:56] PlayerManager hook loaded.
[00:30:56] GroupAIStateBase hook loaded.
[00:30:56] PlayerDamage hook loaded.
[00:30:56] PlayerMovement hook loaded.
[00:30:56] CopBrain hook loaded.
[00:30:56] PlayerDamage hook loaded.
[00:30:56] PlayerDamage hook loaded.
[00:30:56] PlayerMovement hook loaded.
[00:37:30] Core initialized.
[00:37:30] DLCManager hook loaded.
[00:37:30] DLC Heist Unlocker is enabled.
[00:37:30] CarryTweakData hook loaded.
[00:37:30] Carry++ physics modifiers applied.
[00:37:30] PlayerManager hook loaded.
[00:37:30] GroupAIStateBase hook loaded.
[00:37:30] PlayerDamage hook loaded.
[00:37:30] PlayerMovement hook loaded.
[00:37:30] CopBrain hook loaded.
[00:37:30] PlayerDamage hook loaded.
[00:37:30] PlayerDamage hook loaded.
[00:37:30] PlayerMovement hook loaded.
[00:50:28] Core initialized.
[00:50:28] DLCManager hook loaded.
[00:50:28] DLC Heist Unlocker is enabled.
[00:50:28] CarryTweakData hook loaded.
[00:50:29] Carry++ physics modifiers applied.
[00:50:29] PlayerManager hook loaded.
[00:50:29] PlayerDamage hook loaded.
[00:50:29] PlayerMovement hook loaded.
[00:57:28] Core initialized.
[00:57:28] DLCManager hook loaded.
[00:57:28] CarryTweakData hook loaded.
[00:57:28] Carry++ physics modifiers applied.
[00:57:28] PlayerManager hook loaded.
[00:57:28] PlayerDamage hook loaded.
[00:57:28] PlayerMovement hook loaded.
[00:58:49] Core initialized.
[00:58:49] DLCManager hook loaded.
[00:58:49] DLC Heist Unlocker is enabled.
[00:58:49] CarryTweakData hook loaded.
[00:58:49] Carry++ physics modifiers applied.
[00:58:49] PlayerManager hook loaded.
[00:58:49] PlayerDamage hook loaded.
[00:58:49] PlayerMovement hook loaded.
[00:59:52] Core initialized.
[00:59:52] DLCManager hook loaded.
[00:59:52] DLC Heist Unlocker is enabled.
[00:59:52] CarryTweakData hook loaded.
[00:59:53] Carry++ physics modifiers applied.
[00:59:53] PlayerManager hook loaded.
[00:59:53] PlayerDamage hook loaded.
[00:59:53] PlayerMovement hook loaded.
[11:36:15] Core initialized.
[11:36:15] DLCManager hook loaded.
[11:36:15] DLC Heist Unlocker is enabled.
[11:36:15] CarryTweakData hook loaded.
[11:36:15] Carry++ physics modifiers applied.
[11:36:15] PlayerManager hook loaded.
[11:36:16] PlayerDamage hook loaded.
[11:36:16] PlayerMovement hook loaded.
[11:47:02] Core initialized.
[11:47:02] DLCManager hook loaded.
[11:47:02] DLC Heist Unlocker is enabled.
[11:47:02] CarryTweakData hook loaded.
[11:47:02] Carry++ physics modifiers applied.
[11:47:02] PlayerManager hook loaded.
[11:47:02] GroupAIStateBase hook loaded.
[11:47:02] PlayerDamage hook loaded.
[11:47:02] PlayerMovement hook loaded.
[11:47:02] CopBrain hook loaded.
[11:47:02] PlayerDamage hook loaded.
[11:47:03] PlayerDamage hook loaded.
[11:47:03] PlayerMovement hook loaded.
[11:47:56] Core initialized.
[11:47:56] DLCManager hook loaded.
[11:47:56] DLC Heist Unlocker is enabled.
[11:47:56] CarryTweakData hook loaded.
[11:47:56] Carry++ physics modifiers applied.
[11:47:56] PlayerManager hook loaded.
[11:47:56] GroupAIStateBase hook loaded.
[11:47:56] PlayerDamage hook loaded.
[11:47:56] PlayerMovement hook loaded.
[11:47:56] CopBrain hook loaded.
[11:47:56] PlayerDamage hook loaded.
[11:47:56] PlayerDamage hook loaded.
[11:47:56] PlayerMovement hook loaded.
[12:05:29] Core initialized.
[12:05:29] DLCManager hook loaded.
[12:05:29] DLC Heist Unlocker is enabled.
[12:05:29] CarryTweakData hook loaded.
[12:05:29] Carry++ physics modifiers applied.
[12:05:29] PlayerManager hook loaded.
[12:05:29] PlayerDamage hook loaded.
[12:05:29] PlayerMovement hook loaded.
[14:26:11] Core initialized.
[14:26:11] DLCManager hook loaded.
[14:26:11] DLC Heist Unlocker is enabled.
[14:26:11] CarryTweakData hook loaded.
[14:26:11] Carry++ physics modifiers applied.
[14:26:11] PlayerManager hook loaded.
[14:26:11] PlayerDamage hook loaded.
[14:26:11] PlayerMovement hook loaded.
[14:28:37] Core initialized.
[14:28:37] DLCManager hook loaded.
[14:28:37] DLC Heist Unlocker is enabled.
[14:28:37] CarryTweakData hook loaded.
[14:28:37] Carry++ physics modifiers applied.
[14:28:37] PlayerManager hook loaded.
[14:28:37] GroupAIStateBase hook loaded.
[14:28:37] PlayerDamage hook loaded.
[14:28:37] PlayerMovement hook loaded.
[14:28:37] CopBrain hook loaded.
[14:28:37] PlayerDamage hook loaded.
[14:28:37] PlayerDamage hook loaded.
[14:28:37] PlayerMovement hook loaded.
[14:36:34] Core initialized.
[14:36:34] DLCManager hook loaded.
[14:36:34] DLC Heist Unlocker is enabled.
[14:36:34] CarryTweakData hook loaded.
[14:36:34] Carry++ physics modifiers applied.
[14:36:34] PlayerManager hook loaded.
[14:36:34] GroupAIStateBase hook loaded.
[14:36:34] PlayerDamage hook loaded.
[14:36:34] PlayerMovement hook loaded.
[14:36:34] CopBrain hook loaded.
[14:36:34] PlayerDamage hook loaded.
[14:36:34] PlayerDamage hook loaded.
[14:36:34] PlayerMovement hook loaded.
[15:11:44] Core initialized.
[15:11:44] DLCManager hook loaded.
[15:11:44] DLC Heist Unlocker is enabled.
[15:11:44] CarryTweakData hook loaded.
[15:11:44] Carry++ physics modifiers applied.
[15:11:44] PlayerManager hook loaded.
[15:11:45] GroupAIStateBase hook loaded.
[15:11:45] PlayerDamage hook loaded.
[15:11:45] PlayerMovement hook loaded.
[15:11:45] CopBrain hook loaded.
[15:11:45] PlayerDamage hook loaded.
[15:11:45] PlayerDamage hook loaded.
[15:11:45] PlayerMovement hook loaded.
[15:32:55] Core initialized.
[15:32:55] DLCManager hook loaded.
[15:32:55] DLC Heist Unlocker is enabled.
[15:32:55] CarryTweakData hook loaded.
[15:32:55] Carry++ physics modifiers applied.
[15:32:55] PlayerManager hook loaded.
[15:32:55] PlayerDamage hook loaded.
[15:32:55] PlayerMovement hook loaded.
[15:33:26] Core initialized.
[15:33:26] DLCManager hook loaded.
[15:33:26] DLC Heist Unlocker is enabled.
[15:33:27] CarryTweakData hook loaded.
[15:33:27] Carry++ physics modifiers applied.
[15:33:27] PlayerManager hook loaded.
[15:33:27] GroupAIStateBase hook loaded.
[15:33:27] PlayerDamage hook loaded.
[15:33:27] PlayerMovement hook loaded.
[15:33:27] CopBrain hook loaded.
[15:33:27] PlayerDamage hook loaded.
[15:33:27] PlayerDamage hook loaded.
[15:33:27] PlayerMovement hook loaded.
[15:43:11] Core initialized.
[15:43:11] DLCManager hook loaded.
[15:43:11] DLC Heist Unlocker is enabled.
[15:43:11] CarryTweakData hook loaded.
[15:43:12] Carry++ physics modifiers applied.
[15:43:12] PlayerManager hook loaded.
[15:43:12] GroupAIStateBase hook loaded.
[15:43:12] PlayerDamage hook loaded.
[15:43:12] PlayerMovement hook loaded.
[15:43:12] CopBrain hook loaded.
[15:43:12] PlayerDamage hook loaded.
[15:43:12] PlayerDamage hook loaded.
[15:43:12] PlayerMovement hook loaded.
[16:01:10] Core initialized.
[16:01:10] DLCManager hook loaded.
[16:01:10] DLC Heist Unlocker is enabled.
[16:01:10] CarryTweakData hook loaded.
[16:01:10] Carry++ physics modifiers applied.
[16:01:10] PlayerManager hook loaded.
[16:01:10] PlayerDamage hook loaded.
[16:01:10] PlayerMovement hook loaded.
[20:44:10] Core initialized.
[20:44:10] DLCManager hook loaded.
[20:44:10] DLC Heist Unlocker is enabled.
[20:44:11] CarryTweakData hook loaded.
[20:44:11] Carry++ physics modifiers applied.
[20:44:11] PlayerManager hook loaded.
[20:44:11] PlayerDamage hook loaded.
[20:44:11] PlayerMovement hook loaded.
[20:45:38] Core initialized.
[20:45:38] DLCManager hook loaded.
[20:45:38] DLC Heist Unlocker is enabled.
[20:45:38] CarryTweakData hook loaded.
[20:45:38] Carry++ physics modifiers applied.
[20:45:38] PlayerManager hook loaded.
[20:45:38] GroupAIStateBase hook loaded.
[20:45:38] PlayerDamage hook loaded.
[20:45:38] PlayerMovement hook loaded.
[20:45:38] CopBrain hook loaded.
[20:45:38] PlayerDamage hook loaded.
[20:45:38] PlayerDamage hook loaded.
[20:45:38] PlayerMovement hook loaded.
[21:02:40] Core initialized.
[21:02:40] DLCManager hook loaded.
[21:02:40] DLC Heist Unlocker is enabled.
[21:02:40] CarryTweakData hook loaded.
[21:02:40] Carry++ physics modifiers applied.
[21:02:40] PlayerManager hook loaded.
[21:02:40] PlayerDamage hook loaded.
[21:02:40] PlayerMovement hook loaded.
[21:03:56] Core initialized.
[21:03:56] DLCManager hook loaded.
[21:03:56] DLC Heist Unlocker is enabled.
[21:03:56] CarryTweakData hook loaded.
[21:03:56] Carry++ physics modifiers applied.
[21:03:56] PlayerManager hook loaded.
[21:03:56] GroupAIStateBase hook loaded.
[21:03:56] PlayerDamage hook loaded.
[21:03:56] PlayerMovement hook loaded.
[21:03:56] CopBrain hook loaded.
[21:03:56] PlayerDamage hook loaded.
[21:03:56] PlayerDamage hook loaded.
[21:03:56] PlayerMovement hook loaded.
[21:06:16] Core initialized.
[21:06:16] DLCManager hook loaded.
[21:06:16] DLC Heist Unlocker is enabled.
[21:06:16] CarryTweakData hook loaded.
[21:06:16] Carry++ physics modifiers applied.
[21:06:16] PlayerManager hook loaded.
[21:06:16] GroupAIStateBase hook loaded.
[21:06:16] PlayerDamage hook loaded.
[21:06:16] PlayerMovement hook loaded.
[21:06:16] CopBrain hook loaded.
[21:06:16] PlayerDamage hook loaded.
[21:06:17] PlayerDamage hook loaded.
[21:06:17] PlayerMovement hook loaded.
[21:08:33] Core initialized.
[21:08:33] DLCManager hook loaded.
[21:08:33] DLC Heist Unlocker is enabled.
[21:08:33] CarryTweakData hook loaded.
[21:08:33] Carry++ physics modifiers applied.
[21:08:33] PlayerManager hook loaded.
[21:08:33] GroupAIStateBase hook loaded.
[21:08:33] PlayerDamage hook loaded.
[21:08:33] PlayerMovement hook loaded.
[21:08:33] CopBrain hook loaded.
[21:08:33] PlayerDamage hook loaded.
[21:08:33] PlayerDamage hook loaded.
[21:08:33] PlayerMovement hook loaded.
[21:09:26] Core initialized.
[21:09:26] DLCManager hook loaded.
[21:09:26] DLC Heist Unlocker is enabled.
[21:09:26] CarryTweakData hook loaded.
[21:09:26] Carry++ physics modifiers applied.
[21:09:26] PlayerManager hook loaded.
[21:09:26] GroupAIStateBase hook loaded.
[21:09:26] PlayerDamage hook loaded.
[21:09:26] PlayerMovement hook loaded.
[21:09:26] CopBrain hook loaded.
[21:09:26] PlayerDamage hook loaded.
[21:09:26] PlayerDamage hook loaded.
[21:09:26] PlayerMovement hook loaded.
[21:21:41] Core initialized.
[21:21:41] DLCManager hook loaded.
[21:21:41] DLC Heist Unlocker is enabled.
[21:21:41] CarryTweakData hook loaded.
[21:21:41] Carry++ physics modifiers applied.
[21:21:41] PlayerManager hook loaded.
[21:21:41] PlayerDamage hook loaded.
[21:21:41] PlayerMovement hook loaded.
[01:58:54] Core initialized.
[01:58:54] DLCManager hook loaded.
[01:58:54] DLC Heist Unlocker is enabled.
[01:58:54] CarryTweakData hook loaded.
[01:58:54] Carry++ physics modifiers applied.
[01:58:54] PlayerManager hook loaded.
[01:58:54] PlayerDamage hook loaded.
[01:58:54] PlayerMovement hook loaded.
[02:14:26] Core initialized.
[02:14:26] DLCManager hook loaded.
[02:14:26] DLC Heist Unlocker is enabled.
[02:14:26] CarryTweakData hook loaded.
[02:14:26] Carry++ physics modifiers applied.
[02:14:26] PlayerManager hook loaded.
[02:14:26] GroupAIStateBase hook loaded.
[02:14:26] PlayerDamage hook loaded.
[02:14:26] PlayerMovement hook loaded.
[02:14:26] CopBrain hook loaded.
[02:14:26] PlayerDamage hook loaded.
[02:14:26] PlayerDamage hook loaded.
[02:14:26] PlayerMovement hook loaded.
[02:19:35] Core initialized.
[02:19:35] DLCManager hook loaded.
[02:19:35] DLC Heist Unlocker is enabled.
[02:19:35] CarryTweakData hook loaded.
[02:19:35] Carry++ physics modifiers applied.
[02:19:35] PlayerManager hook loaded.
[02:19:35] PlayerDamage hook loaded.
[02:19:35] PlayerMovement hook loaded.
[12:52:31] Core initialized.
[12:52:31] DLCManager hook loaded.
[12:52:31] DLC Heist Unlocker is enabled.
[12:52:31] CarryTweakData hook loaded.
[12:52:31] Carry++ physics modifiers applied.
[12:52:31] PlayerManager hook loaded.
[12:52:32] PlayerDamage hook loaded.
[12:52:32] PlayerMovement hook loaded.
[13:43:36] Core initialized.
[13:43:36] DLCManager hook loaded.
[13:43:36] DLC Heist Unlocker is enabled.
[13:43:36] CarryTweakData hook loaded.
[13:43:36] Carry++ physics modifiers applied.
[13:43:36] PlayerManager hook loaded.
[13:43:36] PlayerDamage hook loaded.
[13:43:36] PlayerMovement hook loaded.
[13:44:39] Core initialized.
[13:44:39] DLCManager hook loaded.
[13:44:39] DLC Heist Unlocker is enabled.
[13:44:39] CarryTweakData hook loaded.
[13:44:39] Carry++ physics modifiers applied.
[13:44:39] PlayerManager hook loaded.
[13:44:39] GroupAIStateBase hook loaded.
[13:44:39] PlayerDamage hook loaded.
[13:44:39] PlayerMovement hook loaded.
[13:44:39] CopBrain hook loaded.
[13:44:39] PlayerDamage hook loaded.
[13:44:40] PlayerDamage hook loaded.
[13:44:40] PlayerMovement hook loaded.
[13:45:48] Core initialized.
[13:45:48] DLCManager hook loaded.
[13:45:48] DLC Heist Unlocker is enabled.
[13:45:48] CarryTweakData hook loaded.
[13:45:48] Carry++ physics modifiers applied.
[13:45:48] PlayerManager hook loaded.
[13:45:48] GroupAIStateBase hook loaded.
[13:45:48] PlayerDamage hook loaded.
[13:45:48] PlayerMovement hook loaded.
[13:45:48] CopBrain hook loaded.
[13:45:48] PlayerDamage hook loaded.
[13:45:48] PlayerDamage hook loaded.
[13:45:48] PlayerMovement hook loaded.
[13:46:41] Core initialized.
[13:46:41] DLCManager hook loaded.
[13:46:41] DLC Heist Unlocker is enabled.
[13:46:41] CarryTweakData hook loaded.
[13:46:41] Carry++ physics modifiers applied.
[13:46:41] PlayerManager hook loaded.
[13:46:41] GroupAIStateBase hook loaded.
[13:46:41] PlayerDamage hook loaded.
[13:46:41] PlayerMovement hook loaded.
[13:46:41] CopBrain hook loaded.
[13:46:41] PlayerDamage hook loaded.
[13:46:41] PlayerDamage hook loaded.
[13:46:41] PlayerMovement hook loaded.
[14:25:35] Core initialized.
[14:25:35] DLCManager hook loaded.
[14:25:35] DLC Heist Unlocker is enabled.
[14:25:35] CarryTweakData hook loaded.
[14:25:35] Carry++ physics modifiers applied.
[14:25:35] PlayerManager hook loaded.
[14:25:35] PlayerDamage hook loaded.
[14:25:35] PlayerMovement hook loaded.
[14:28:09] Core initialized.
[14:28:09] DLCManager hook loaded.
[14:28:09] DLC Heist Unlocker is enabled.
[14:28:09] CarryTweakData hook loaded.
[14:28:09] Carry++ physics modifiers applied.
[14:28:09] PlayerManager hook loaded.
[14:28:09] GroupAIStateBase hook loaded.
[14:28:09] PlayerDamage hook loaded.
[14:28:09] PlayerMovement hook loaded.
[14:28:09] CopBrain hook loaded.
[14:28:09] PlayerDamage hook loaded.
[14:28:09] PlayerDamage hook loaded.
[14:28:09] PlayerMovement hook loaded.
[14:31:12] Core initialized.
[14:31:12] DLCManager hook loaded.
[14:31:12] DLC Heist Unlocker is enabled.
[14:31:12] CarryTweakData hook loaded.
[14:31:12] Carry++ physics modifiers applied.
[14:31:12] PlayerManager hook loaded.
[14:31:12] PlayerDamage hook loaded.
[14:31:12] PlayerMovement hook loaded.
[19:29:59] Core initialized.
[19:29:59] DLCManager hook loaded.
[19:29:59] DLC Heist Unlocker is enabled.
[19:29:59] CarryTweakData hook loaded.
[19:29:59] Carry++ physics modifiers applied.
[19:29:59] PlayerManager hook loaded.
[19:29:59] PlayerDamage hook loaded.
[19:29:59] PlayerMovement hook loaded.
[19:30:43] Core initialized.
[19:30:43] DLCManager hook loaded.
[19:30:43] DLC Heist Unlocker is enabled.
[19:30:43] CarryTweakData hook loaded.
[19:30:43] Carry++ physics modifiers applied.
[19:30:43] PlayerManager hook loaded.
[19:30:43] GroupAIStateBase hook loaded.
[19:30:43] PlayerDamage hook loaded.
[19:30:43] PlayerMovement hook loaded.
[19:30:43] CopBrain hook loaded.
[19:30:43] PlayerDamage hook loaded.
[19:30:43] PlayerDamage hook loaded.
[19:30:43] PlayerMovement hook loaded.
[19:33:04] Core initialized.
[19:33:04] DLCManager hook loaded.
[19:33:04] DLC Heist Unlocker is enabled.
[19:33:04] CarryTweakData hook loaded.
[19:33:05] Carry++ physics modifiers applied.
[19:33:05] PlayerManager hook loaded.
[19:33:05] GroupAIStateBase hook loaded.
[19:33:05] PlayerDamage hook loaded.
[19:33:05] PlayerMovement hook loaded.
[19:33:05] CopBrain hook loaded.
[19:33:05] PlayerDamage hook loaded.
[19:33:05] PlayerDamage hook loaded.
[19:33:05] PlayerMovement hook loaded.
[19:42:59] Core initialized.
[19:42:59] DLCManager hook loaded.
[19:42:59] DLC Heist Unlocker is enabled.
[19:42:59] CarryTweakData hook loaded.
[19:42:59] Carry++ physics modifiers applied.
[19:42:59] PlayerManager hook loaded.
[19:42:59] GroupAIStateBase hook loaded.
[19:42:59] PlayerDamage hook loaded.
[19:42:59] PlayerMovement hook loaded.
[19:42:59] CopBrain hook loaded.
[19:42:59] PlayerDamage hook loaded.
[19:42:59] PlayerDamage hook loaded.
[19:42:59] PlayerMovement hook loaded.
[22:33:55] Core initialized.
[22:33:55] DLCManager hook loaded.
[22:33:55] DLC Heist Unlocker is enabled.
[22:33:55] CarryTweakData hook loaded.
[22:33:55] Carry++ physics modifiers applied.
[22:33:55] PlayerManager hook loaded.
[22:33:55] GroupAIStateBase hook loaded.
[22:33:55] PlayerDamage hook loaded.
[22:33:55] PlayerMovement hook loaded.
[22:33:55] CopBrain hook loaded.
[22:33:55] PlayerDamage hook loaded.
[22:33:55] PlayerDamage hook loaded.
[22:33:55] PlayerMovement hook loaded.
[22:34:57] Core initialized.
[22:34:57] DLCManager hook loaded.
[22:34:57] DLC Heist Unlocker is enabled.
[22:34:57] CarryTweakData hook loaded.
[22:34:57] Carry++ physics modifiers applied.
[22:34:57] PlayerManager hook loaded.
[22:34:57] GroupAIStateBase hook loaded.
[22:34:57] PlayerDamage hook loaded.
[22:34:57] PlayerMovement hook loaded.
[22:34:57] CopBrain hook loaded.
[22:34:57] PlayerDamage hook loaded.
[22:34:57] PlayerDamage hook loaded.
[22:34:57] PlayerMovement hook loaded.
[22:42:51] Core initialized.
[22:42:51] DLCManager hook loaded.
[22:42:51] DLC Heist Unlocker is enabled.
[22:42:51] CarryTweakData hook loaded.
[22:42:51] Carry++ physics modifiers applied.
[22:42:51] PlayerManager hook loaded.
[22:42:52] GroupAIStateBase hook loaded.
[22:42:52] PlayerDamage hook loaded.
[22:42:52] PlayerMovement hook loaded.
[22:42:52] CopBrain hook loaded.
[22:42:52] PlayerDamage hook loaded.
[22:42:52] PlayerDamage hook loaded.
[22:42:52] PlayerMovement hook loaded.
[22:58:46] Core initialized.
[22:58:46] DLCManager hook loaded.
[22:58:46] DLC Heist Unlocker is enabled.
[22:58:46] CarryTweakData hook loaded.
[22:58:46] Carry++ physics modifiers applied.
[22:58:46] PlayerManager hook loaded.
[22:58:47] PlayerDamage hook loaded.
[22:58:47] PlayerMovement hook loaded.
[23:00:24] Core initialized.
[23:00:24] DLCManager hook loaded.
[23:00:24] DLC Heist Unlocker is enabled.
[23:00:24] CarryTweakData hook loaded.
[23:00:24] Carry++ physics modifiers applied.
[23:00:24] PlayerManager hook loaded.
[23:00:25] GroupAIStateBase hook loaded.
[23:00:25] PlayerDamage hook loaded.
[23:00:25] PlayerMovement hook loaded.
[23:00:25] CopBrain hook loaded.
[23:00:25] PlayerDamage hook loaded.
[23:00:25] PlayerDamage hook loaded.
[23:00:25] PlayerMovement hook loaded.
[23:26:13] Core initialized.
[23:26:13] DLCManager hook loaded.
[23:26:13] DLC Heist Unlocker is enabled.
[23:26:13] CarryTweakData hook loaded.
[23:26:13] Carry++ physics modifiers applied.
[23:26:13] PlayerManager hook loaded.
[23:26:13] PlayerDamage hook loaded.
[23:26:13] PlayerMovement hook loaded.
[23:26:33] Core initialized.
[23:26:33] DLCManager hook loaded.
[23:26:33] DLC Heist Unlocker is enabled.
[23:26:33] CarryTweakData hook loaded.
[23:26:33] Carry++ physics modifiers applied.
[23:26:33] PlayerManager hook loaded.
[23:26:33] GroupAIStateBase hook loaded.
[23:26:33] PlayerDamage hook loaded.
[23:26:33] PlayerMovement hook loaded.
[23:26:33] CopBrain hook loaded.
[23:26:33] PlayerDamage hook loaded.
[23:26:33] PlayerDamage hook loaded.
[23:26:33] PlayerMovement hook loaded.
[23:28:08] Core initialized.
[23:28:08] DLCManager hook loaded.
[23:28:08] DLC Heist Unlocker is enabled.
[23:28:08] CarryTweakData hook loaded.
[23:28:08] Carry++ physics modifiers applied.
[23:28:08] PlayerManager hook loaded.
[23:28:08] GroupAIStateBase hook loaded.
[23:28:08] PlayerDamage hook loaded.
[23:28:08] PlayerMovement hook loaded.
[23:28:08] CopBrain hook loaded.
[23:28:08] PlayerDamage hook loaded.
[23:28:08] PlayerDamage hook loaded.
[23:28:08] PlayerMovement hook loaded.
[23:32:36] Core initialized.
[23:32:36] DLCManager hook loaded.
[23:32:36] DLC Heist Unlocker is enabled.
[23:32:36] CarryTweakData hook loaded.
[23:32:36] Carry++ physics modifiers applied.
[23:32:36] PlayerManager hook loaded.
[23:32:36] GroupAIStateBase hook loaded.
[23:32:36] PlayerDamage hook loaded.
[23:32:36] PlayerMovement hook loaded.
[23:32:36] CopBrain hook loaded.
[23:32:36] PlayerDamage hook loaded.
[23:32:36] PlayerDamage hook loaded.
[23:32:36] PlayerMovement hook loaded.
[23:33:01] Core initialized.
[23:33:01] DLCManager hook loaded.
[23:33:01] DLC Heist Unlocker is enabled.
[23:33:01] CarryTweakData hook loaded.
[23:33:01] Carry++ physics modifiers applied.
[23:33:01] PlayerManager hook loaded.
[23:33:01] GroupAIStateBase hook loaded.
[23:33:01] PlayerDamage hook loaded.
[23:33:01] PlayerMovement hook loaded.
[23:33:01] CopBrain hook loaded.
[23:33:01] PlayerDamage hook loaded.
[23:33:01] PlayerDamage hook loaded.
[23:33:01] PlayerMovement hook loaded.
[23:45:10] Core initialized.
[23:45:10] DLCManager hook loaded.
[23:45:10] DLC Heist Unlocker is enabled.
[23:45:10] CarryTweakData hook loaded.
[23:45:10] Carry++ physics modifiers applied.
[23:45:11] PlayerManager hook loaded.
[23:45:11] PlayerDamage hook loaded.
[23:45:11] PlayerMovement hook loaded.
[03:51:22] Core initialized.
[03:51:22] DLCManager hook loaded.
[03:51:22] DLC Heist Unlocker is enabled.
[03:51:22] CarryTweakData hook loaded.
[03:51:22] Carry++ physics modifiers applied.
[03:51:22] PlayerManager hook loaded.
[03:51:22] PlayerDamage hook loaded.
[03:51:22] PlayerMovement hook loaded.
[03:52:42] Core initialized.
[03:52:42] DLCManager hook loaded.
[03:52:42] DLC Heist Unlocker is enabled.
[03:52:42] CarryTweakData hook loaded.
[03:52:42] Carry++ physics modifiers applied.
[03:52:42] PlayerManager hook loaded.
[03:52:42] GroupAIStateBase hook loaded.
[03:52:42] PlayerDamage hook loaded.
[03:52:42] PlayerMovement hook loaded.
[03:52:42] CopBrain hook loaded.
[03:52:42] PlayerDamage hook loaded.
[03:52:42] PlayerDamage hook loaded.
[03:52:42] PlayerMovement hook loaded.
[03:59:47] Core initialized.
[03:59:47] DLCManager hook loaded.
[03:59:47] DLC Heist Unlocker is enabled.
[03:59:47] CarryTweakData hook loaded.
[03:59:47] Carry++ physics modifiers applied.
[03:59:47] PlayerManager hook loaded.
[03:59:48] GroupAIStateBase hook loaded.
[03:59:48] PlayerDamage hook loaded.
[03:59:48] PlayerMovement hook loaded.
[03:59:48] CopBrain hook loaded.
[03:59:48] PlayerDamage hook loaded.
[03:59:49] PlayerDamage hook loaded.
[03:59:49] PlayerMovement hook loaded.
[04:01:31] Core initialized.
[04:01:31] DLCManager hook loaded.
[04:01:31] DLC Heist Unlocker is enabled.
[04:01:31] CarryTweakData hook loaded.
[04:01:31] Carry++ physics modifiers applied.
[04:01:31] PlayerManager hook loaded.
[04:01:31] GroupAIStateBase hook loaded.
[04:01:31] PlayerDamage hook loaded.
[04:01:31] PlayerMovement hook loaded.
[04:01:31] CopBrain hook loaded.
[04:01:31] PlayerDamage hook loaded.
[04:01:31] PlayerDamage hook loaded.
[04:01:31] PlayerMovement hook loaded.
[04:01:51] Core initialized.
[04:01:51] DLCManager hook loaded.
[04:01:51] DLC Heist Unlocker is enabled.
[04:01:51] CarryTweakData hook loaded.
[04:01:51] Carry++ physics modifiers applied.
[04:01:51] PlayerManager hook loaded.
[04:01:51] PlayerDamage hook loaded.
[04:01:51] PlayerMovement hook loaded.
[04:20:31] Core initialized.
[04:20:31] DLCManager hook loaded.
[04:20:31] DLC Heist Unlocker is enabled.
[04:20:31] CarryTweakData hook loaded.
[04:20:31] Carry++ physics modifiers applied.
[04:20:31] PlayerManager hook loaded.
[04:20:31] MultiPickup hook loaded.
[04:20:32] PlayerDamage hook loaded.
[04:20:32] PlayerMovement hook loaded.
[04:21:03] Core initialized.
[04:21:03] DLCManager hook loaded.
[04:21:03] DLC Heist Unlocker is enabled.
[04:21:03] CarryTweakData hook loaded.
[04:21:03] Carry++ physics modifiers applied.
[04:21:03] PlayerManager hook loaded.
[04:21:03] MultiPickup hook loaded.
[04:21:03] GroupAIStateBase hook loaded.
[04:21:03] PlayerDamage hook loaded.
[04:21:03] PlayerMovement hook loaded.
[04:21:03] CopBrain hook loaded.
[04:21:03] PlayerDamage hook loaded.
[04:21:03] PlayerDamage hook loaded.
[04:21:03] PlayerMovement hook loaded.
[04:23:23] Core initialized.
[04:23:23] DLCManager hook loaded.
[04:23:23] DLC Heist Unlocker is enabled.
[04:23:23] CarryTweakData hook loaded.
[04:23:23] Carry++ physics modifiers applied.
[04:23:23] PlayerManager hook loaded.
[04:23:23] MultiPickup hook loaded.
[04:23:23] PlayerDamage hook loaded.
[04:23:23] PlayerMovement hook loaded.
[04:23:49] Core initialized.
[04:23:49] DLCManager hook loaded.
[04:23:49] DLC Heist Unlocker is enabled.
[04:23:49] CarryTweakData hook loaded.
[04:23:49] Carry++ physics modifiers applied.
[04:23:49] PlayerManager hook loaded.
[04:23:49] MultiPickup hook loaded.
[04:23:50] GroupAIStateBase hook loaded.
[04:23:50] PlayerDamage hook loaded.
[04:23:50] PlayerMovement hook loaded.
[04:23:50] CopBrain hook loaded.
[04:23:50] PlayerDamage hook loaded.
[04:23:50] PlayerDamage hook loaded.
[04:23:50] PlayerMovement hook loaded.
[04:23:50] MultiPickup: max_quantity bumped for all consumable specials.
[04:24:17] Core initialized.
[04:24:17] DLCManager hook loaded.
[04:24:17] DLC Heist Unlocker is enabled.
[04:24:17] CarryTweakData hook loaded.
[04:24:17] Carry++ physics modifiers applied.
[04:24:17] PlayerManager hook loaded.
[04:24:17] MultiPickup hook loaded.
[04:24:17] GroupAIStateBase hook loaded.
[04:24:17] PlayerDamage hook loaded.
[04:24:17] PlayerMovement hook loaded.
[04:24:17] CopBrain hook loaded.
[04:24:17] PlayerDamage hook loaded.
[04:24:17] PlayerDamage hook loaded.
[04:24:17] PlayerMovement hook loaded.
[04:24:18] MultiPickup: max_quantity bumped for all consumable specials.
[04:26:52] Core initialized.
[04:26:52] DLCManager hook loaded.
[04:26:52] DLC Heist Unlocker is enabled.
[04:26:52] CarryTweakData hook loaded.
[04:26:52] Carry++ physics modifiers applied.
[04:26:52] PlayerManager hook loaded.
[04:26:52] MultiPickup hook loaded.
[04:26:52] PlayerDamage hook loaded.
[04:26:52] PlayerMovement hook loaded.
[04:26:53] MultiPickup: max_quantity bumped for all consumable specials.
[04:30:58] Core initialized.
[04:30:58] DLCManager hook loaded.
[04:30:58] DLC Heist Unlocker is enabled.
[04:30:58] CarryTweakData hook loaded.
[04:30:58] Carry++ physics modifiers applied.
[04:30:58] PlayerManager hook loaded.
[04:30:58] MultiPickup hook loaded.
[04:30:58] MultiPickup: max_quantity bumped for all consumable specials.
[04:30:58] UnlimitedFavors hook loaded.
[04:30:58] UnlimitedFavors: PrePlanningManager overrides applied.
[04:30:58] PlayerDamage hook loaded.
[04:30:58] PlayerMovement hook loaded.
[04:30:58] UnlimitedFavors hook loaded.
[04:30:58] UnlimitedFavors: PrePlanningManager overrides applied.
[04:30:58] UnlimitedFavors: MoneyManager overrides applied.
[04:31:02] MultiPickup: max_quantity bumped for all consumable specials.
[04:31:31] Core initialized.
[04:31:31] DLCManager hook loaded.
[04:31:31] DLC Heist Unlocker is enabled.
[04:31:32] CarryTweakData hook loaded.
[04:31:32] Carry++ physics modifiers applied.
[04:31:32] PlayerManager hook loaded.
[04:31:32] MultiPickup hook loaded.
[04:31:32] MultiPickup: max_quantity bumped for all consumable specials.
[04:31:32] UnlimitedFavors hook loaded.
[04:31:32] UnlimitedFavors: PrePlanningManager overrides applied.
[04:31:32] PlayerDamage hook loaded.
[04:31:32] PlayerMovement hook loaded.
[04:31:32] UnlimitedFavors hook loaded.
[04:31:32] UnlimitedFavors: PrePlanningManager overrides applied.
[04:31:32] UnlimitedFavors: MoneyManager overrides applied.
[04:31:35] MultiPickup: max_quantity bumped for all consumable specials.
[04:31:54] Core initialized.
[04:31:54] DLCManager hook loaded.
[04:31:54] DLC Heist Unlocker is enabled.
[04:31:54] CarryTweakData hook loaded.
[04:31:54] Carry++ physics modifiers applied.
[04:31:54] PlayerManager hook loaded.
[04:31:54] MultiPickup hook loaded.
[04:31:54] MultiPickup: max_quantity bumped for all consumable specials.
[04:31:54] UnlimitedFavors hook loaded.
[04:31:54] UnlimitedFavors: PrePlanningManager overrides applied.
[04:31:54] UnlimitedFavors hook loaded.
[04:31:54] UnlimitedFavors: PrePlanningManager overrides applied.
[04:31:54] UnlimitedFavors: MoneyManager overrides applied.
[04:31:54] GroupAIStateBase hook loaded.
[04:31:54] PlayerDamage hook loaded.
[04:31:54] PlayerMovement hook loaded.
[04:31:54] CopBrain hook loaded.
[04:31:54] PlayerDamage hook loaded.
[04:31:54] PlayerDamage hook loaded.
[04:31:54] PlayerMovement hook loaded.
[04:31:55] MultiPickup: max_quantity bumped for all consumable specials.
[04:35:49] Core initialized.
[04:35:49] DLCManager hook loaded.
[04:35:49] DLC Heist Unlocker is enabled.
[04:35:49] CarryTweakData hook loaded.
[04:35:49] Carry++ physics modifiers applied.
[04:35:49] PlayerManager hook loaded.
[04:35:49] MultiPickup hook loaded.
[04:35:49] MultiPickup: max_quantity bumped for all consumable specials.
[04:35:49] UnlimitedFavors hook loaded.
[04:35:49] UnlimitedFavors: PrePlanningManager overrides applied.
[04:35:49] PlayerDamage hook loaded.
[04:35:49] PlayerMovement hook loaded.
[04:35:49] UnlimitedFavors hook loaded.
[04:35:49] UnlimitedFavors: PrePlanningManager overrides applied.
[04:35:49] UnlimitedFavors: MoneyManager overrides applied.
[04:35:50] MultiPickup: max_quantity bumped for all consumable specials.
[04:44:36] Core initialized.
[04:44:36] DLCManager hook loaded.
[04:44:36] DLC Heist Unlocker is enabled.
[04:44:36] CarryTweakData hook loaded.
[04:44:36] Carry++ physics modifiers applied.
[04:44:36] PlayerManager hook loaded.
[04:44:36] MultiPickup hook loaded.
[04:44:36] MultiPickup: Registered consumable: c4_x1 (qty=1, max_qty=nil)
[04:44:36] MultiPickup: Registered consumable: c4_x10 (qty=10, max_qty=10)
[04:44:36] MultiPickup: Registered consumable: c4_stackable (qty=1, max_qty=10)
[04:44:36] MultiPickup: Registered consumable: c4 (qty=4, max_qty=nil)
[04:44:36] MultiPickup: Registered consumable: deep_oil_sample (qty=1, max_qty=1)
[04:44:36] MultiPickup: Registered consumable: lrm_keycard (qty=1, max_qty=2)
[04:44:36] MultiPickup: Registered consumable: circle_cutter (qty=1, max_qty=3)
[04:44:36] MultiPickup: Registered consumable: c4_x3 (qty=3, max_qty=nil)
[04:44:36] MultiPickup: Registered consumable: audio_device (qty=2, max_qty=2)
[04:44:36] MultiPickup: max_quantity bumped for all consumable specials.
[04:44:36] UnlimitedFavors hook loaded.
[04:44:36] UnlimitedFavors: PrePlanningManager overrides applied.
[04:44:36] PlayerDamage hook loaded.
[04:44:36] PlayerMovement hook loaded.
[04:44:36] UnlimitedFavors hook loaded.
[04:44:36] UnlimitedFavors: PrePlanningManager overrides applied.
[04:44:36] UnlimitedFavors: MoneyManager overrides applied.
[04:48:16] Core initialized.
[04:48:16] DLCManager hook loaded.
[04:48:16] DLC Heist Unlocker is enabled.
[04:48:16] CarryTweakData hook loaded.
[04:48:17] Carry++ physics modifiers applied.
[04:48:17] PlayerManager hook loaded.
[04:48:17] MultiPickup hook loaded.
[04:48:17] MultiPickup: Registered consumable: c4_x1 (qty=1, max_qty=nil)
[04:48:17] MultiPickup: Registered consumable: c4_x10 (qty=10, max_qty=10)
[04:48:17] MultiPickup: Registered consumable: c4_stackable (qty=1, max_qty=10)
[04:48:17] MultiPickup: Registered consumable: c4 (qty=4, max_qty=nil)
[04:48:17] MultiPickup: Registered consumable: deep_oil_sample (qty=1, max_qty=1)
[04:48:17] MultiPickup: Registered consumable: lrm_keycard (qty=1, max_qty=2)
[04:48:17] MultiPickup: Registered consumable: circle_cutter (qty=1, max_qty=3)
[04:48:17] MultiPickup: Registered consumable: c4_x3 (qty=3, max_qty=nil)
[04:48:17] MultiPickup: Registered consumable: audio_device (qty=2, max_qty=2)
[04:48:17] MultiPickup: max_quantity bumped for all consumable specials.
[04:48:17] UnlimitedFavors hook loaded.
[04:48:17] UnlimitedFavors: PrePlanningManager overrides applied.
[04:48:17] PlayerDamage hook loaded.
[04:48:17] PlayerMovement hook loaded.
[04:48:17] UnlimitedFavors hook loaded.
[04:48:17] UnlimitedFavors: PrePlanningManager overrides applied.
[04:48:17] UnlimitedFavors: MoneyManager overrides applied.
[04:52:38] Core initialized.
[04:52:38] DLCManager hook loaded.
[04:52:38] DLC Heist Unlocker is enabled.
[04:52:38] CarryTweakData hook loaded.
[04:52:38] Carry++ physics modifiers applied.
[04:52:38] PlayerManager hook loaded.
[04:52:38] MultiPickup hook loaded.
[04:52:38] MultiPickup: Registered consumable: c4_x1 (qty=1, max_qty=nil)
[04:52:38] MultiPickup: Registered consumable: c4_x10 (qty=10, max_qty=10)
[04:52:38] MultiPickup: Registered consumable: c4_stackable (qty=1, max_qty=10)
[04:52:38] MultiPickup: Registered consumable: c4 (qty=4, max_qty=nil)
[04:52:38] MultiPickup: Registered consumable: deep_oil_sample (qty=1, max_qty=1)
[04:52:38] MultiPickup: Registered consumable: lrm_keycard (qty=1, max_qty=2)
[04:52:38] MultiPickup: Registered consumable: circle_cutter (qty=1, max_qty=3)
[04:52:38] MultiPickup: Registered consumable: c4_x3 (qty=3, max_qty=nil)
[04:52:38] MultiPickup: Registered consumable: audio_device (qty=2, max_qty=2)
[04:52:38] MultiPickup: max_quantity bumped for all consumable specials.
[04:52:38] UnlimitedFavors hook loaded.
[04:52:38] UnlimitedFavors: PrePlanningManager overrides applied.
[04:52:38] PlayerDamage hook loaded.
[04:52:38] PlayerMovement hook loaded.
[04:52:38] UnlimitedFavors hook loaded.
[04:52:38] UnlimitedFavors: PrePlanningManager overrides applied.
[04:52:38] UnlimitedFavors: MoneyManager overrides applied.
[04:56:40] Core initialized.
[04:56:40] DLCManager hook loaded.
[04:56:40] DLC Heist Unlocker is enabled.
[04:56:40] CarryTweakData hook loaded.
[04:56:40] Carry++ physics modifiers applied.
[04:56:40] PlayerManager hook loaded.
[04:56:40] MultiPickup hook loaded.
[04:56:40] MultiPickup: Registered consumable: c4_x1 (qty=1, max_qty=nil)
[04:56:40] MultiPickup: Registered consumable: c4_x10 (qty=10, max_qty=10)
[04:56:40] MultiPickup: Registered consumable: c4_stackable (qty=1, max_qty=10)
[04:56:40] MultiPickup: Registered consumable: c4 (qty=4, max_qty=nil)
[04:56:40] MultiPickup: Registered consumable: deep_oil_sample (qty=1, max_qty=1)
[04:56:40] MultiPickup: Registered consumable: lrm_keycard (qty=1, max_qty=2)
[04:56:40] MultiPickup: Registered consumable: circle_cutter (qty=1, max_qty=3)
[04:56:40] MultiPickup: Registered consumable: c4_x3 (qty=3, max_qty=nil)
[04:56:40] MultiPickup: Registered consumable: audio_device (qty=2, max_qty=2)
[04:56:40] MultiPickup: max_quantity bumped for all consumable specials.
[04:56:41] UnlimitedFavors hook loaded.
[04:56:41] UnlimitedFavors: PrePlanningManager overrides applied.
[04:56:41] PlayerDamage hook loaded.
[04:56:41] PlayerMovement hook loaded.
[04:56:41] UnlimitedFavors hook loaded.
[04:56:41] UnlimitedFavors: PrePlanningManager overrides applied.
[04:56:41] UnlimitedFavors: MoneyManager overrides applied.
[04:57:19] Core initialized.
[04:57:19] DLCManager hook loaded.
[04:57:19] DLC Heist Unlocker is enabled.
[04:57:19] CarryTweakData hook loaded.
[04:57:19] Carry++ physics modifiers applied.
[04:57:19] PlayerManager hook loaded.
[04:57:19] MultiPickup hook loaded.
[04:57:19] MultiPickup: Registered consumable: c4_x1 (qty=1, max_qty=nil)
[04:57:19] MultiPickup: Registered consumable: c4_x10 (qty=10, max_qty=10)
[04:57:19] MultiPickup: Registered consumable: c4_stackable (qty=1, max_qty=10)
[04:57:19] MultiPickup: Registered consumable: c4 (qty=4, max_qty=nil)
[04:57:19] MultiPickup: Registered consumable: deep_oil_sample (qty=1, max_qty=1)
[04:57:19] MultiPickup: Registered consumable: lrm_keycard (qty=1, max_qty=2)
[04:57:19] MultiPickup: Registered consumable: circle_cutter (qty=1, max_qty=3)
[04:57:19] MultiPickup: Registered consumable: c4_x3 (qty=3, max_qty=nil)
[04:57:19] MultiPickup: Registered consumable: audio_device (qty=2, max_qty=2)
[04:57:19] MultiPickup: max_quantity bumped for all consumable specials.
[04:57:19] UnlimitedFavors hook loaded.
[04:57:19] UnlimitedFavors: PrePlanningManager overrides applied.
[04:57:20] UnlimitedFavors hook loaded.
[04:57:20] UnlimitedFavors: PrePlanningManager overrides applied.
[04:57:20] UnlimitedFavors: MoneyManager overrides applied.
[04:57:20] GroupAIStateBase hook loaded.
[04:57:20] PlayerDamage hook loaded.
[04:57:20] PlayerMovement hook loaded.
[04:57:20] CopBrain hook loaded.
[04:57:20] PlayerDamage hook loaded.
[04:57:20] PlayerDamage hook loaded.
[04:57:20] PlayerMovement hook loaded.
[05:00:22] Core initialized.
[05:00:22] DLCManager hook loaded.
[05:00:22] DLC Heist Unlocker is enabled.
[05:00:22] CarryTweakData hook loaded.
[05:00:22] Carry++ physics modifiers applied.
[05:00:22] PlayerManager hook loaded.
[05:00:22] MultiPickup hook loaded.
[05:00:22] MultiPickup: Registered consumable: c4_x1 (qty=1, max_qty=nil)
[05:00:22] MultiPickup: Registered consumable: c4_x10 (qty=10, max_qty=10)
[05:00:22] MultiPickup: Registered consumable: c4_stackable (qty=1, max_qty=10)
[05:00:22] MultiPickup: Registered consumable: c4 (qty=4, max_qty=nil)
[05:00:22] MultiPickup: Registered consumable: deep_oil_sample (qty=1, max_qty=1)
[05:00:22] MultiPickup: Registered consumable: lrm_keycard (qty=1, max_qty=2)
[05:00:22] MultiPickup: Registered consumable: circle_cutter (qty=1, max_qty=3)
[05:00:22] MultiPickup: Registered consumable: c4_x3 (qty=3, max_qty=nil)
[05:00:22] MultiPickup: Registered consumable: audio_device (qty=2, max_qty=2)
[05:00:22] MultiPickup: max_quantity bumped for all consumable specials.
[05:00:22] UnlimitedFavors hook loaded.
[05:00:22] UnlimitedFavors: PrePlanningManager overrides applied.
[05:00:22] PlayerDamage hook loaded.
[05:00:22] PlayerMovement hook loaded.
[05:00:22] UnlimitedFavors hook loaded.
[05:00:22] UnlimitedFavors: PrePlanningManager overrides applied.
[05:00:22] UnlimitedFavors: MoneyManager overrides applied.
[05:17:18] Core initialized.
[05:17:18] DLCManager hook loaded.
[05:17:18] DLC Heist Unlocker is enabled.
[05:17:18] CarryTweakData hook loaded.
[05:17:18] Carry++ physics modifiers applied.
[05:17:18] PlayerManager hook loaded.
[05:17:18] MultiPickup hook loaded.
[05:17:18] MultiPickup: Managed consumable special registered: c4_x1
[05:17:18] MultiPickup: Managed consumable special registered: lance_part
[05:17:18] MultiPickup: Managed consumable special registered: cas_data_usb_key
[05:17:18] MultiPickup: Managed consumable special registered: compound_c
[05:17:18] MultiPickup: Managed consumable special registered: corp_achi_blueprint
[05:17:18] MultiPickup: Managed consumable special registered: receiver
[05:17:18] MultiPickup: Managed consumable special registered: scythe
[05:17:18] MultiPickup: Managed consumable special registered: keychain
[05:17:18] MultiPickup: Managed consumable special registered: gold
[05:17:18] MultiPickup: Managed consumable special registered: globe
[05:17:18] MultiPickup: Managed consumable special registered: c4_x10
[05:17:18] MultiPickup: Managed consumable special registered: concoction
[05:17:18] MultiPickup: Managed consumable special registered: compound_b
[05:17:18] MultiPickup: Managed consumable special registered: laxative
[05:17:18] MultiPickup: Managed consumable special registered: chainsaw
[05:17:18] MultiPickup: Managed consumable special registered: laptop
[05:17:18] MultiPickup: Managed consumable special registered: boards
[05:17:18] MultiPickup: Managed consumable special registered: organs
[05:17:18] MultiPickup: Managed consumable special registered: ticket
[05:17:18] MultiPickup: Managed consumable special registered: chimichanga
[05:17:18] MultiPickup: Managed consumable special registered: c4_stackable
[05:17:18] MultiPickup: Managed consumable special registered: drill
[05:17:18] MultiPickup: Managed consumable special registered: chavez_key
[05:17:18] MultiPickup: Managed consumable special registered: bottle
[05:17:18] MultiPickup: Managed consumable special registered: gas
[05:17:18] MultiPickup: Managed consumable special registered: printer_ink
[05:17:18] MultiPickup: Managed consumable special registered: hydrogen_chloride
[05:17:18] MultiPickup: Managed consumable special registered: wire
[05:17:18] MultiPickup: Managed consumable special registered: fingerprint
[05:17:18] MultiPickup: Managed consumable special registered: hand
[05:17:18] MultiPickup: Managed consumable special registered: paper_roll
[05:17:18] MultiPickup: Managed consumable special registered: flammable_liquid
[05:17:18] MultiPickup: Managed consumable special registered: car_jack
[05:17:18] MultiPickup: Managed consumable special registered: cas_sleeping_gas
[05:17:18] MultiPickup: Managed consumable special registered: crowbar_stack
[05:17:18] MultiPickup: Managed consumable special registered: ranc_hammer
[05:17:18] MultiPickup: Managed consumable special registered: alarm_clock
[05:17:18] MultiPickup: Managed consumable special registered: c4
[05:17:18] MultiPickup: Managed consumable special registered: ranc_mould
[05:17:18] MultiPickup: Managed consumable special registered: tool
[05:17:18] MultiPickup: Managed consumable special registered: fertilizer
[05:17:18] MultiPickup: Managed consumable special registered: thick_skin
[05:17:18] MultiPickup: Managed consumable special registered: cas_elevator_key
[05:17:18] MultiPickup: Managed consumable special registered: fire_extinguisher
[05:17:18] MultiPickup: Managed consumable special registered: barcode_edgewater
[05:17:18] MultiPickup: Managed consumable special registered: blood_sample
[05:17:18] MultiPickup: Managed consumable special registered: scubagear_vest
[05:17:18] MultiPickup: Managed consumable special registered: barcode_isles_beach
[05:17:18] MultiPickup: Managed consumable special registered: deep_oil_sample
[05:17:18] MultiPickup: Managed consumable special registered: bridge
[05:17:18] MultiPickup: Managed consumable special registered: medallion
[05:17:18] MultiPickup: Managed consumable special registered: liquid_nitrogen
[05:17:18] MultiPickup: Managed consumable special registered: mayan_gold_bar
[05:17:18] MultiPickup: Managed consumable special registered: trai_usb_key
[05:17:18] MultiPickup: Managed consumable special registered: ranc_sheriff_star
[05:17:18] MultiPickup: Managed consumable special registered: caustic_soda
[05:17:18] MultiPickup: Managed consumable special registered: lrm_keycard
[05:17:18] MultiPickup: Managed consumable special registered: president_key
[05:17:18] MultiPickup: Managed consumable special registered: mus_glas_cutter
[05:17:18] MultiPickup: Managed consumable special registered: blow_torch
[05:17:18] MultiPickup: Managed consumable special registered: chas_keychain_forklift
[05:17:18] MultiPickup: Managed consumable special registered: trai_container_key
[05:17:18] MultiPickup: Managed consumable special registered: saw
[05:17:18] MultiPickup: Managed consumable special registered: documents
[05:17:18] MultiPickup: Managed consumable special registered: corp_key_fob
[05:17:18] MultiPickup: Managed consumable special registered: barrel
[05:17:18] MultiPickup: Managed consumable special registered: acid
[05:17:18] MultiPickup: Managed consumable special registered: lance
[05:17:18] MultiPickup: Managed consumable special registered: intimidation
[05:17:18] MultiPickup: Managed consumable special registered: manifest
[05:17:18] MultiPickup: Managed consumable special registered: harddrive
[05:17:18] MultiPickup: Managed consumable special registered: cargo_strap
[05:17:18] MultiPickup: Managed consumable special registered: notepad
[05:17:18] MultiPickup: Managed consumable special registered: hotel_room_key
[05:17:18] MultiPickup: Managed consumable special registered: blueprints
[05:17:18] MultiPickup: Managed consumable special registered: scubagear_tank_and_flippers
[05:17:18] MultiPickup: Managed consumable special registered: tape
[05:17:18] MultiPickup: Managed consumable special registered: bleed_out_increase
[05:17:18] MultiPickup: Managed consumable special registered: compound_a
[05:17:18] MultiPickup: Managed consumable special registered: briefcase
[05:17:18] MultiPickup: Managed consumable special registered: defibrillator_paddles
[05:17:18] MultiPickup: Managed consumable special registered: bank_manager_key
[05:17:18] MultiPickup: Managed consumable special registered: gas_canister
[05:17:18] MultiPickup: Managed consumable special registered: barcode_brickell
[05:17:18] MultiPickup: Managed consumable special registered: business_card
[05:17:18] MultiPickup: Managed consumable special registered: files
[05:17:18] MultiPickup: Managed consumable special registered: circle_cutter
[05:17:18] MultiPickup: Managed consumable special registered: c_keys
[05:17:18] MultiPickup: Managed consumable special registered: ranc_silver_ingot
[05:17:18] MultiPickup: Managed consumable special registered: server
[05:17:18] MultiPickup: Managed consumable special registered: compound_d
[05:17:18] MultiPickup: Managed consumable special registered: barcode_downtown
[05:17:18] MultiPickup: Managed consumable special registered: toolset
[05:17:18] MultiPickup: Managed consumable special registered: police_uniform
[05:17:18] MultiPickup: Managed consumable special registered: thermite_paste
[05:17:18] MultiPickup: Managed consumable special registered: extra_cable_tie
[05:17:18] MultiPickup: Managed consumable special registered: equipment_blueprint
[05:17:18] MultiPickup: Managed consumable special registered: adrenaline
[05:17:18] MultiPickup: Managed consumable special registered: thermite
[05:17:18] MultiPickup: Managed consumable special registered: money_bag
[05:17:18] MultiPickup: Managed consumable special registered: planks
[05:17:18] MultiPickup: Managed consumable special registered: blood_sample_verified
[05:17:18] MultiPickup: Managed consumable special registered: plates
[05:17:18] MultiPickup: Managed consumable special registered: cas_winch_hook
[05:17:18] MultiPickup: Managed consumable special registered: chrome_skull
[05:17:18] MultiPickup: Managed consumable special registered: cas_bfd_tool
[05:17:18] MultiPickup: Managed consumable special registered: gold_bag_equip
[05:17:18] MultiPickup: Managed consumable special registered: briefcase_diamond
[05:17:18] MultiPickup: Managed consumable special registered: soda
[05:17:18] MultiPickup: Managed consumable special registered: stapler
[05:17:18] MultiPickup: Managed consumable special registered: help_keycard
[05:17:18] MultiPickup: Managed consumable special registered: cas_usb_key
[05:17:18] MultiPickup: Managed consumable special registered: saw_blade
[05:17:18] MultiPickup: Managed consumable special registered: evidence
[05:17:18] MultiPickup: Managed consumable special registered: barcode_opa_locka
[05:17:18] MultiPickup: Managed consumable special registered: diesel
[05:17:18] MultiPickup: Managed consumable special registered: body_armor
[05:17:18] MultiPickup: Managed consumable special registered: wanker_keys
[05:17:18] MultiPickup: Managed consumable special registered: c4_x3
[05:17:18] MultiPickup: Managed consumable special registered: pex_loaded_card
[05:17:18] MultiPickup: Managed consumable special registered: ranc_acid
[05:17:18] MultiPickup: Managed consumable special registered: extra_start_out_ammo
[05:17:18] MultiPickup: Managed consumable special registered: pex_cutter
[05:17:18] MultiPickup: Managed consumable special registered: pex_loaded_card_lvl_2
[05:17:18] MultiPickup: Managed consumable special registered: pex_unloaded_card
[05:17:18] MultiPickup: Managed consumable special registered: audio_device
[05:17:18] MultiPickup: Managed consumable special registered: stock
[05:17:18] MultiPickup: Removed special_equipment_block from interaction: stash_server_pickup_server
[05:17:18] MultiPickup: Removed special_equipment_block from interaction: take_ticket
[05:17:18] MultiPickup: Removed special_equipment_block from interaction: hold_take_medallion
[05:17:18] MultiPickup: Removed special_equipment_block from interaction: cas_take_sleeping_gas
[05:17:18] MultiPickup: Removed special_equipment_block from interaction: hold_take_sample
[05:17:18] MultiPickup: Removed special_equipment_block from interaction: pickup_hotel_room_keycard
[05:17:18] MultiPickup: Removed special_equipment_block from interaction: hold_take_compound_d
[05:17:18] MultiPickup: Removed special_equipment_block from interaction: gen_pku_thermite_timer
[05:17:18] MultiPickup: Removed special_equipment_block from interaction: gen_pku_blow_torch
[05:17:18] MultiPickup: Removed special_equipment_block from interaction: hold_take_hand
[05:17:18] MultiPickup: Removed special_equipment_block from interaction: pku_barcode_isles_beach
[05:17:18] MultiPickup: Removed special_equipment_block from interaction: pku_barcode_brickell
[05:17:18] MultiPickup: Removed special_equipment_block from interaction: pku_barcode_edgewater
[05:17:18] MultiPickup: Removed special_equipment_block from interaction: gen_pku_crowbar_stack
[05:17:18] MultiPickup: Removed special_equipment_block from interaction: gen_pku_saw
[05:17:18] MultiPickup: Removed special_equipment_block from interaction: cas_bfd_drill_toolbox
[05:17:18] MultiPickup: Removed special_equipment_block from interaction: sfm_take_usb_key
[05:17:18] MultiPickup: Removed special_equipment_block from interaction: press_printer_paper
[05:17:18] MultiPickup: Removed special_equipment_block from interaction: gen_pku_thermite_timer_3sec
[05:17:18] MultiPickup: Removed special_equipment_block from interaction: hold_take_compound_a
[05:17:18] MultiPickup: Removed special_equipment_block from interaction: ranc_take_acid
[05:17:18] MultiPickup: Removed special_equipment_block from interaction: hydrogen_chloride
[05:17:18] MultiPickup: Removed special_equipment_block from interaction: press_take_chimichanga
[05:17:18] MultiPickup: Removed special_equipment_block from interaction: pku_barcode_opa_locka
[05:17:18] MultiPickup: Removed special_equipment_block from interaction: caustic_soda
[05:17:18] MultiPickup: Removed special_equipment_block from interaction: gen_pku_thermite_paste_z_axis
[05:17:18] MultiPickup: Removed special_equipment_block from interaction: take_jfr_briefcase
[05:17:18] MultiPickup: Removed special_equipment_block from interaction: cas_take_usb_key
[05:17:18] MultiPickup: Removed special_equipment_block from interaction: gen_pku_saw_axis
[05:17:18] MultiPickup: Removed special_equipment_block from interaction: computer_blueprints
[05:17:18] MultiPickup: Removed special_equipment_block from interaction: ranc_hold_take_barrel
[05:17:18] UnlimitedFavors hook loaded.
[05:17:18] UnlimitedFavors: PrePlanningManager overrides applied.
[05:17:18] PlayerDamage hook loaded.
[05:17:18] PlayerMovement hook loaded.
[05:17:18] UnlimitedFavors hook loaded.
[05:17:18] UnlimitedFavors: PrePlanningManager overrides applied.
[05:17:18] UnlimitedFavors: MoneyManager overrides applied.
[05:17:38] Core initialized.
[05:17:38] DLCManager hook loaded.
[05:17:38] DLC Heist Unlocker is enabled.
[05:17:38] CarryTweakData hook loaded.
[05:17:38] Carry++ physics modifiers applied.
[05:17:38] PlayerManager hook loaded.
[05:17:38] MultiPickup hook loaded.
[05:17:38] MultiPickup: Managed consumable special registered: c4_x1
[05:17:38] MultiPickup: Managed consumable special registered: lance_part
[05:17:38] MultiPickup: Managed consumable special registered: cas_data_usb_key
[05:17:38] MultiPickup: Managed consumable special registered: compound_c
[05:17:38] MultiPickup: Managed consumable special registered: corp_achi_blueprint
[05:17:38] MultiPickup: Managed consumable special registered: receiver
[05:17:38] MultiPickup: Managed consumable special registered: scythe
[05:17:38] MultiPickup: Managed consumable special registered: keychain
[05:17:38] MultiPickup: Managed consumable special registered: gold
[05:17:38] MultiPickup: Managed consumable special registered: globe
[05:17:38] MultiPickup: Managed consumable special registered: c4_x10
[05:17:38] MultiPickup: Managed consumable special registered: concoction
[05:17:38] MultiPickup: Managed consumable special registered: compound_b
[05:17:38] MultiPickup: Managed consumable special registered: laxative
[05:17:38] MultiPickup: Managed consumable special registered: chainsaw
[05:17:38] MultiPickup: Managed consumable special registered: laptop
[05:17:38] MultiPickup: Managed consumable special registered: boards
[05:17:38] MultiPickup: Managed consumable special registered: organs
[05:17:38] MultiPickup: Managed consumable special registered: ticket
[05:17:38] MultiPickup: Managed consumable special registered: chimichanga
[05:17:38] MultiPickup: Managed consumable special registered: c4_stackable
[05:17:38] MultiPickup: Managed consumable special registered: drill
[05:17:38] MultiPickup: Managed consumable special registered: chavez_key
[05:17:38] MultiPickup: Managed consumable special registered: bottle
[05:17:38] MultiPickup: Managed consumable special registered: gas
[05:17:38] MultiPickup: Managed consumable special registered: printer_ink
[05:17:38] MultiPickup: Managed consumable special registered: hydrogen_chloride
[05:17:38] MultiPickup: Managed consumable special registered: wire
[05:17:38] MultiPickup: Managed consumable special registered: fingerprint
[05:17:38] MultiPickup: Managed consumable special registered: hand
[05:17:38] MultiPickup: Managed consumable special registered: paper_roll
[05:17:38] MultiPickup: Managed consumable special registered: flammable_liquid
[05:17:38] MultiPickup: Managed consumable special registered: car_jack
[05:17:38] MultiPickup: Managed consumable special registered: cas_sleeping_gas
[05:17:38] MultiPickup: Managed consumable special registered: crowbar_stack
[05:17:38] MultiPickup: Managed consumable special registered: ranc_hammer
[05:17:38] MultiPickup: Managed consumable special registered: alarm_clock
[05:17:38] MultiPickup: Managed consumable special registered: c4
[05:17:38] MultiPickup: Managed consumable special registered: ranc_mould
[05:17:38] MultiPickup: Managed consumable special registered: tool
[05:17:38] MultiPickup: Managed consumable special registered: fertilizer
[05:17:38] MultiPickup: Managed consumable special registered: thick_skin
[05:17:38] MultiPickup: Managed consumable special registered: cas_elevator_key
[05:17:38] MultiPickup: Managed consumable special registered: fire_extinguisher
[05:17:38] MultiPickup: Managed consumable special registered: barcode_edgewater
[05:17:38] MultiPickup: Managed consumable special registered: blood_sample
[05:17:38] MultiPickup: Managed consumable special registered: scubagear_vest
[05:17:38] MultiPickup: Managed consumable special registered: barcode_isles_beach
[05:17:38] MultiPickup: Managed consumable special registered: deep_oil_sample
[05:17:38] MultiPickup: Managed consumable special registered: bridge
[05:17:38] MultiPickup: Managed consumable special registered: medallion
[05:17:38] MultiPickup: Managed consumable special registered: liquid_nitrogen
[05:17:38] MultiPickup: Managed consumable special registered: mayan_gold_bar
[05:17:38] MultiPickup: Managed consumable special registered: trai_usb_key
[05:17:38] MultiPickup: Managed consumable special registered: ranc_sheriff_star
[05:17:38] MultiPickup: Managed consumable special registered: caustic_soda
[05:17:38] MultiPickup: Managed consumable special registered: lrm_keycard
[05:17:38] MultiPickup: Managed consumable special registered: president_key
[05:17:38] MultiPickup: Managed consumable special registered: mus_glas_cutter
[05:17:38] MultiPickup: Managed consumable special registered: blow_torch
[05:17:38] MultiPickup: Managed consumable special registered: chas_keychain_forklift
[05:17:38] MultiPickup: Managed consumable special registered: trai_container_key
[05:17:38] MultiPickup: Managed consumable special registered: saw
[05:17:38] MultiPickup: Managed consumable special registered: documents
[05:17:38] MultiPickup: Managed consumable special registered: corp_key_fob
[05:17:38] MultiPickup: Managed consumable special registered: barrel
[05:17:38] MultiPickup: Managed consumable special registered: acid
[05:17:38] MultiPickup: Managed consumable special registered: lance
[05:17:38] MultiPickup: Managed consumable special registered: intimidation
[05:17:38] MultiPickup: Managed consumable special registered: manifest
[05:17:38] MultiPickup: Managed consumable special registered: harddrive
[05:17:38] MultiPickup: Managed consumable special registered: cargo_strap
[05:17:38] MultiPickup: Managed consumable special registered: notepad
[05:17:38] MultiPickup: Managed consumable special registered: hotel_room_key
[05:17:38] MultiPickup: Managed consumable special registered: blueprints
[05:17:38] MultiPickup: Managed consumable special registered: scubagear_tank_and_flippers
[05:17:38] MultiPickup: Managed consumable special registered: tape
[05:17:38] MultiPickup: Managed consumable special registered: bleed_out_increase
[05:17:38] MultiPickup: Managed consumable special registered: compound_a
[05:17:38] MultiPickup: Managed consumable special registered: briefcase
[05:17:38] MultiPickup: Managed consumable special registered: defibrillator_paddles
[05:17:38] MultiPickup: Managed consumable special registered: bank_manager_key
[05:17:38] MultiPickup: Managed consumable special registered: gas_canister
[05:17:38] MultiPickup: Managed consumable special registered: barcode_brickell
[05:17:38] MultiPickup: Managed consumable special registered: business_card
[05:17:38] MultiPickup: Managed consumable special registered: files
[05:17:38] MultiPickup: Managed consumable special registered: circle_cutter
[05:17:38] MultiPickup: Managed consumable special registered: c_keys
[05:17:38] MultiPickup: Managed consumable special registered: ranc_silver_ingot
[05:17:38] MultiPickup: Managed consumable special registered: server
[05:17:38] MultiPickup: Managed consumable special registered: compound_d
[05:17:38] MultiPickup: Managed consumable special registered: barcode_downtown
[05:17:38] MultiPickup: Managed consumable special registered: toolset
[05:17:38] MultiPickup: Managed consumable special registered: police_uniform
[05:17:38] MultiPickup: Managed consumable special registered: thermite_paste
[05:17:38] MultiPickup: Managed consumable special registered: extra_cable_tie
[05:17:38] MultiPickup: Managed consumable special registered: equipment_blueprint
[05:17:38] MultiPickup: Managed consumable special registered: adrenaline
[05:17:38] MultiPickup: Managed consumable special registered: thermite
[05:17:38] MultiPickup: Managed consumable special registered: money_bag
[05:17:38] MultiPickup: Managed consumable special registered: planks
[05:17:38] MultiPickup: Managed consumable special registered: blood_sample_verified
[05:17:38] MultiPickup: Managed consumable special registered: plates
[05:17:38] MultiPickup: Managed consumable special registered: cas_winch_hook
[05:17:38] MultiPickup: Managed consumable special registered: chrome_skull
[05:17:38] MultiPickup: Managed consumable special registered: cas_bfd_tool
[05:17:38] MultiPickup: Managed consumable special registered: gold_bag_equip
[05:17:38] MultiPickup: Managed consumable special registered: briefcase_diamond
[05:17:38] MultiPickup: Managed consumable special registered: soda
[05:17:38] MultiPickup: Managed consumable special registered: stapler
[05:17:38] MultiPickup: Managed consumable special registered: help_keycard
[05:17:38] MultiPickup: Managed consumable special registered: cas_usb_key
[05:17:38] MultiPickup: Managed consumable special registered: saw_blade
[05:17:38] MultiPickup: Managed consumable special registered: evidence
[05:17:38] MultiPickup: Managed consumable special registered: barcode_opa_locka
[05:17:38] MultiPickup: Managed consumable special registered: diesel
[05:17:38] MultiPickup: Managed consumable special registered: body_armor
[05:17:38] MultiPickup: Managed consumable special registered: wanker_keys
[05:17:38] MultiPickup: Managed consumable special registered: c4_x3
[05:17:38] MultiPickup: Managed consumable special registered: pex_loaded_card
[05:17:38] MultiPickup: Managed consumable special registered: ranc_acid
[05:17:38] MultiPickup: Managed consumable special registered: extra_start_out_ammo
[05:17:38] MultiPickup: Managed consumable special registered: pex_cutter
[05:17:38] MultiPickup: Managed consumable special registered: pex_loaded_card_lvl_2
[05:17:38] MultiPickup: Managed consumable special registered: pex_unloaded_card
[05:17:38] MultiPickup: Managed consumable special registered: audio_device
[05:17:38] MultiPickup: Managed consumable special registered: stock
[05:17:38] MultiPickup: Removed special_equipment_block from interaction: stash_server_pickup_server
[05:17:38] MultiPickup: Removed special_equipment_block from interaction: take_ticket
[05:17:38] MultiPickup: Removed special_equipment_block from interaction: hold_take_medallion
[05:17:38] MultiPickup: Removed special_equipment_block from interaction: cas_take_sleeping_gas
[05:17:38] MultiPickup: Removed special_equipment_block from interaction: hold_take_sample
[05:17:38] MultiPickup: Removed special_equipment_block from interaction: pickup_hotel_room_keycard
[05:17:38] MultiPickup: Removed special_equipment_block from interaction: hold_take_compound_d
[05:17:38] MultiPickup: Removed special_equipment_block from interaction: gen_pku_thermite_timer
[05:17:38] MultiPickup: Removed special_equipment_block from interaction: gen_pku_blow_torch
[05:17:38] MultiPickup: Removed special_equipment_block from interaction: hold_take_hand
[05:17:38] MultiPickup: Removed special_equipment_block from interaction: pku_barcode_isles_beach
[05:17:38] MultiPickup: Removed special_equipment_block from interaction: pku_barcode_brickell
[05:17:38] MultiPickup: Removed special_equipment_block from interaction: pku_barcode_edgewater
[05:17:38] MultiPickup: Removed special_equipment_block from interaction: gen_pku_crowbar_stack
[05:17:38] MultiPickup: Removed special_equipment_block from interaction: gen_pku_saw
[05:17:38] MultiPickup: Removed special_equipment_block from interaction: cas_bfd_drill_toolbox
[05:17:38] MultiPickup: Removed special_equipment_block from interaction: sfm_take_usb_key
[05:17:38] MultiPickup: Removed special_equipment_block from interaction: press_printer_paper
[05:17:38] MultiPickup: Removed special_equipment_block from interaction: gen_pku_thermite_timer_3sec
[05:17:38] MultiPickup: Removed special_equipment_block from interaction: hold_take_compound_a
[05:17:38] MultiPickup: Removed special_equipment_block from interaction: ranc_take_acid
[05:17:38] MultiPickup: Removed special_equipment_block from interaction: hydrogen_chloride
[05:17:38] MultiPickup: Removed special_equipment_block from interaction: press_take_chimichanga
[05:17:38] MultiPickup: Removed special_equipment_block from interaction: pku_barcode_opa_locka
[05:17:38] MultiPickup: Removed special_equipment_block from interaction: caustic_soda
[05:17:38] MultiPickup: Removed special_equipment_block from interaction: gen_pku_thermite_paste_z_axis
[05:17:38] MultiPickup: Removed special_equipment_block from interaction: take_jfr_briefcase
[05:17:38] MultiPickup: Removed special_equipment_block from interaction: cas_take_usb_key
[05:17:38] MultiPickup: Removed special_equipment_block from interaction: gen_pku_saw_axis
[05:17:38] MultiPickup: Removed special_equipment_block from interaction: computer_blueprints
[05:17:38] MultiPickup: Removed special_equipment_block from interaction: ranc_hold_take_barrel
[05:17:38] UnlimitedFavors hook loaded.
[05:17:38] UnlimitedFavors: PrePlanningManager overrides applied.
[05:17:39] UnlimitedFavors hook loaded.
[05:17:39] UnlimitedFavors: PrePlanningManager overrides applied.
[05:17:39] UnlimitedFavors: MoneyManager overrides applied.
[05:17:39] GroupAIStateBase hook loaded.
[05:17:39] PlayerDamage hook loaded.
[05:17:39] PlayerMovement hook loaded.
[05:17:39] CopBrain hook loaded.
[05:17:39] PlayerDamage hook loaded.
[05:17:39] InfiniteCameraLoop hook loaded.
[05:17:39] InfiniteCameraLoop: SecurityCamera overrides applied.
[05:17:39] PlayerDamage hook loaded.
[05:17:39] PlayerMovement hook loaded.
[05:19:25] Core initialized.
[05:19:25] DLCManager hook loaded.
[05:19:25] DLC Heist Unlocker is enabled.
[05:19:25] CarryTweakData hook loaded.
[05:19:25] Carry++ physics modifiers applied.
[05:19:25] PlayerManager hook loaded.
[05:19:25] MultiPickup hook loaded.
[05:19:25] MultiPickup: Managed consumable special registered: c4_x1
[05:19:25] MultiPickup: Managed consumable special registered: lance_part
[05:19:25] MultiPickup: Managed consumable special registered: cas_data_usb_key
[05:19:25] MultiPickup: Managed consumable special registered: compound_c
[05:19:25] MultiPickup: Managed consumable special registered: corp_achi_blueprint
[05:19:25] MultiPickup: Managed consumable special registered: receiver
[05:19:25] MultiPickup: Managed consumable special registered: scythe
[05:19:25] MultiPickup: Managed consumable special registered: keychain
[05:19:25] MultiPickup: Managed consumable special registered: gold
[05:19:25] MultiPickup: Managed consumable special registered: globe
[05:19:25] MultiPickup: Managed consumable special registered: c4_x10
[05:19:25] MultiPickup: Managed consumable special registered: concoction
[05:19:25] MultiPickup: Managed consumable special registered: compound_b
[05:19:25] MultiPickup: Managed consumable special registered: laxative
[05:19:25] MultiPickup: Managed consumable special registered: chainsaw
[05:19:25] MultiPickup: Managed consumable special registered: laptop
[05:19:25] MultiPickup: Managed consumable special registered: boards
[05:19:25] MultiPickup: Managed consumable special registered: organs
[05:19:25] MultiPickup: Managed consumable special registered: ticket
[05:19:25] MultiPickup: Managed consumable special registered: chimichanga
[05:19:25] MultiPickup: Managed consumable special registered: c4_stackable
[05:19:25] MultiPickup: Managed consumable special registered: drill
[05:19:25] MultiPickup: Managed consumable special registered: chavez_key
[05:19:25] MultiPickup: Managed consumable special registered: bottle
[05:19:25] MultiPickup: Managed consumable special registered: gas
[05:19:25] MultiPickup: Managed consumable special registered: printer_ink
[05:19:25] MultiPickup: Managed consumable special registered: hydrogen_chloride
[05:19:25] MultiPickup: Managed consumable special registered: wire
[05:19:25] MultiPickup: Managed consumable special registered: fingerprint
[05:19:25] MultiPickup: Managed consumable special registered: hand
[05:19:25] MultiPickup: Managed consumable special registered: paper_roll
[05:19:25] MultiPickup: Managed consumable special registered: flammable_liquid
[05:19:25] MultiPickup: Managed consumable special registered: car_jack
[05:19:25] MultiPickup: Managed consumable special registered: cas_sleeping_gas
[05:19:25] MultiPickup: Managed consumable special registered: crowbar_stack
[05:19:25] MultiPickup: Managed consumable special registered: ranc_hammer
[05:19:25] MultiPickup: Managed consumable special registered: alarm_clock
[05:19:25] MultiPickup: Managed consumable special registered: c4
[05:19:25] MultiPickup: Managed consumable special registered: ranc_mould
[05:19:25] MultiPickup: Managed consumable special registered: tool
[05:19:25] MultiPickup: Managed consumable special registered: fertilizer
[05:19:25] MultiPickup: Managed consumable special registered: thick_skin
[05:19:25] MultiPickup: Managed consumable special registered: cas_elevator_key
[05:19:25] MultiPickup: Managed consumable special registered: fire_extinguisher
[05:19:25] MultiPickup: Managed consumable special registered: barcode_edgewater
[05:19:25] MultiPickup: Managed consumable special registered: blood_sample
[05:19:25] MultiPickup: Managed consumable special registered: scubagear_vest
[05:19:25] MultiPickup: Managed consumable special registered: barcode_isles_beach
[05:19:25] MultiPickup: Managed consumable special registered: deep_oil_sample
[05:19:25] MultiPickup: Managed consumable special registered: bridge
[05:19:25] MultiPickup: Managed consumable special registered: medallion
[05:19:25] MultiPickup: Managed consumable special registered: liquid_nitrogen
[05:19:25] MultiPickup: Managed consumable special registered: mayan_gold_bar
[05:19:25] MultiPickup: Managed consumable special registered: trai_usb_key
[05:19:25] MultiPickup: Managed consumable special registered: ranc_sheriff_star
[05:19:25] MultiPickup: Managed consumable special registered: caustic_soda
[05:19:25] MultiPickup: Managed consumable special registered: lrm_keycard
[05:19:25] MultiPickup: Managed consumable special registered: president_key
[05:19:25] MultiPickup: Managed consumable special registered: mus_glas_cutter
[05:19:25] MultiPickup: Managed consumable special registered: blow_torch
[05:19:25] MultiPickup: Managed consumable special registered: chas_keychain_forklift
[05:19:25] MultiPickup: Managed consumable special registered: trai_container_key
[05:19:25] MultiPickup: Managed consumable special registered: saw
[05:19:25] MultiPickup: Managed consumable special registered: documents
[05:19:25] MultiPickup: Managed consumable special registered: corp_key_fob
[05:19:25] MultiPickup: Managed consumable special registered: barrel
[05:19:25] MultiPickup: Managed consumable special registered: acid
[05:19:25] MultiPickup: Managed consumable special registered: lance
[05:19:25] MultiPickup: Managed consumable special registered: intimidation
[05:19:25] MultiPickup: Managed consumable special registered: manifest
[05:19:25] MultiPickup: Managed consumable special registered: harddrive
[05:19:25] MultiPickup: Managed consumable special registered: cargo_strap
[05:19:25] MultiPickup: Managed consumable special registered: notepad
[05:19:25] MultiPickup: Managed consumable special registered: hotel_room_key
[05:19:25] MultiPickup: Managed consumable special registered: blueprints
[05:19:25] MultiPickup: Managed consumable special registered: scubagear_tank_and_flippers
[05:19:25] MultiPickup: Managed consumable special registered: tape
[05:19:25] MultiPickup: Managed consumable special registered: bleed_out_increase
[05:19:25] MultiPickup: Managed consumable special registered: compound_a
[05:19:25] MultiPickup: Managed consumable special registered: briefcase
[05:19:25] MultiPickup: Managed consumable special registered: defibrillator_paddles
[05:19:25] MultiPickup: Managed consumable special registered: bank_manager_key
[05:19:25] MultiPickup: Managed consumable special registered: gas_canister
[05:19:25] MultiPickup: Managed consumable special registered: barcode_brickell
[05:19:25] MultiPickup: Managed consumable special registered: business_card
[05:19:25] MultiPickup: Managed consumable special registered: files
[05:19:25] MultiPickup: Managed consumable special registered: circle_cutter
[05:19:25] MultiPickup: Managed consumable special registered: c_keys
[05:19:25] MultiPickup: Managed consumable special registered: ranc_silver_ingot
[05:19:25] MultiPickup: Managed consumable special registered: server
[05:19:25] MultiPickup: Managed consumable special registered: compound_d
[05:19:25] MultiPickup: Managed consumable special registered: barcode_downtown
[05:19:25] MultiPickup: Managed consumable special registered: toolset
[05:19:25] MultiPickup: Managed consumable special registered: police_uniform
[05:19:25] MultiPickup: Managed consumable special registered: thermite_paste
[05:19:25] MultiPickup: Managed consumable special registered: extra_cable_tie
[05:19:25] MultiPickup: Managed consumable special registered: equipment_blueprint
[05:19:25] MultiPickup: Managed consumable special registered: adrenaline
[05:19:25] MultiPickup: Managed consumable special registered: thermite
[05:19:25] MultiPickup: Managed consumable special registered: money_bag
[05:19:25] MultiPickup: Managed consumable special registered: planks
[05:19:25] MultiPickup: Managed consumable special registered: blood_sample_verified
[05:19:25] MultiPickup: Managed consumable special registered: plates
[05:19:25] MultiPickup: Managed consumable special registered: cas_winch_hook
[05:19:25] MultiPickup: Managed consumable special registered: chrome_skull
[05:19:25] MultiPickup: Managed consumable special registered: cas_bfd_tool
[05:19:25] MultiPickup: Managed consumable special registered: gold_bag_equip
[05:19:25] MultiPickup: Managed consumable special registered: briefcase_diamond
[05:19:25] MultiPickup: Managed consumable special registered: soda
[05:19:25] MultiPickup: Managed consumable special registered: stapler
[05:19:25] MultiPickup: Managed consumable special registered: help_keycard
[05:19:25] MultiPickup: Managed consumable special registered: cas_usb_key
[05:19:25] MultiPickup: Managed consumable special registered: saw_blade
[05:19:25] MultiPickup: Managed consumable special registered: evidence
[05:19:25] MultiPickup: Managed consumable special registered: barcode_opa_locka
[05:19:25] MultiPickup: Managed consumable special registered: diesel
[05:19:25] MultiPickup: Managed consumable special registered: body_armor
[05:19:25] MultiPickup: Managed consumable special registered: wanker_keys
[05:19:25] MultiPickup: Managed consumable special registered: c4_x3
[05:19:25] MultiPickup: Managed consumable special registered: pex_loaded_card
[05:19:25] MultiPickup: Managed consumable special registered: ranc_acid
[05:19:25] MultiPickup: Managed consumable special registered: extra_start_out_ammo
[05:19:25] MultiPickup: Managed consumable special registered: pex_cutter
[05:19:25] MultiPickup: Managed consumable special registered: pex_loaded_card_lvl_2
[05:19:25] MultiPickup: Managed consumable special registered: pex_unloaded_card
[05:19:25] MultiPickup: Managed consumable special registered: audio_device
[05:19:25] MultiPickup: Managed consumable special registered: stock
[05:19:25] MultiPickup: Removed special_equipment_block from interaction: stash_server_pickup_server
[05:19:25] MultiPickup: Removed special_equipment_block from interaction: take_ticket
[05:19:25] MultiPickup: Removed special_equipment_block from interaction: hold_take_medallion
[05:19:25] MultiPickup: Removed special_equipment_block from interaction: cas_take_sleeping_gas
[05:19:25] MultiPickup: Removed special_equipment_block from interaction: hold_take_sample
[05:19:25] MultiPickup: Removed special_equipment_block from interaction: pickup_hotel_room_keycard
[05:19:25] MultiPickup: Removed special_equipment_block from interaction: hold_take_compound_d
[05:19:25] MultiPickup: Removed special_equipment_block from interaction: gen_pku_thermite_timer
[05:19:25] MultiPickup: Removed special_equipment_block from interaction: gen_pku_blow_torch
[05:19:25] MultiPickup: Removed special_equipment_block from interaction: hold_take_hand
[05:19:25] MultiPickup: Removed special_equipment_block from interaction: pku_barcode_isles_beach
[05:19:25] MultiPickup: Removed special_equipment_block from interaction: pku_barcode_brickell
[05:19:25] MultiPickup: Removed special_equipment_block from interaction: pku_barcode_edgewater
[05:19:25] MultiPickup: Removed special_equipment_block from interaction: gen_pku_crowbar_stack
[05:19:25] MultiPickup: Removed special_equipment_block from interaction: gen_pku_saw
[05:19:25] MultiPickup: Removed special_equipment_block from interaction: cas_bfd_drill_toolbox
[05:19:25] MultiPickup: Removed special_equipment_block from interaction: sfm_take_usb_key
[05:19:25] MultiPickup: Removed special_equipment_block from interaction: press_printer_paper
[05:19:25] MultiPickup: Removed special_equipment_block from interaction: gen_pku_thermite_timer_3sec
[05:19:25] MultiPickup: Removed special_equipment_block from interaction: hold_take_compound_a
[05:19:25] MultiPickup: Removed special_equipment_block from interaction: ranc_take_acid
[05:19:25] MultiPickup: Removed special_equipment_block from interaction: hydrogen_chloride
[05:19:25] MultiPickup: Removed special_equipment_block from interaction: press_take_chimichanga
[05:19:25] MultiPickup: Removed special_equipment_block from interaction: pku_barcode_opa_locka
[05:19:25] MultiPickup: Removed special_equipment_block from interaction: caustic_soda
[05:19:25] MultiPickup: Removed special_equipment_block from interaction: gen_pku_thermite_paste_z_axis
[05:19:25] MultiPickup: Removed special_equipment_block from interaction: take_jfr_briefcase
[05:19:25] MultiPickup: Removed special_equipment_block from interaction: cas_take_usb_key
[05:19:25] MultiPickup: Removed special_equipment_block from interaction: gen_pku_saw_axis
[05:19:25] MultiPickup: Removed special_equipment_block from interaction: computer_blueprints
[05:19:25] MultiPickup: Removed special_equipment_block from interaction: ranc_hold_take_barrel
[05:19:25] UnlimitedFavors hook loaded.
[05:19:25] UnlimitedFavors: PrePlanningManager overrides applied.
[05:19:25] UnlimitedFavors hook loaded.
[05:19:25] UnlimitedFavors: PrePlanningManager overrides applied.
[05:19:25] UnlimitedFavors: MoneyManager overrides applied.
[05:19:25] GroupAIStateBase hook loaded.
[05:19:25] PlayerDamage hook loaded.
[05:19:25] PlayerMovement hook loaded.
[05:19:25] CopBrain hook loaded.
[05:19:25] PlayerDamage hook loaded.
[05:19:25] InfiniteCameraLoop hook loaded.
[05:19:25] InfiniteCameraLoop: SecurityCamera overrides applied.
[05:19:25] PlayerDamage hook loaded.
[05:19:25] PlayerMovement hook loaded.
[05:20:17] Core initialized.
[05:20:17] DLCManager hook loaded.
[05:20:17] DLC Heist Unlocker is enabled.
[05:20:17] CarryTweakData hook loaded.
[05:20:18] Carry++ physics modifiers applied.
[05:20:18] PlayerManager hook loaded.
[05:20:18] MultiPickup hook loaded.
[05:20:18] MultiPickup: Managed consumable special registered: c4_x1
[05:20:18] MultiPickup: Managed consumable special registered: lance_part
[05:20:18] MultiPickup: Managed consumable special registered: cas_data_usb_key
[05:20:18] MultiPickup: Managed consumable special registered: compound_c
[05:20:18] MultiPickup: Managed consumable special registered: corp_achi_blueprint
[05:20:18] MultiPickup: Managed consumable special registered: receiver
[05:20:18] MultiPickup: Managed consumable special registered: scythe
[05:20:18] MultiPickup: Managed consumable special registered: keychain
[05:20:18] MultiPickup: Managed consumable special registered: gold
[05:20:18] MultiPickup: Managed consumable special registered: globe
[05:20:18] MultiPickup: Managed consumable special registered: c4_x10
[05:20:18] MultiPickup: Managed consumable special registered: concoction
[05:20:18] MultiPickup: Managed consumable special registered: compound_b
[05:20:18] MultiPickup: Managed consumable special registered: laxative
[05:20:18] MultiPickup: Managed consumable special registered: chainsaw
[05:20:18] MultiPickup: Managed consumable special registered: laptop
[05:20:18] MultiPickup: Managed consumable special registered: boards
[05:20:18] MultiPickup: Managed consumable special registered: organs
[05:20:18] MultiPickup: Managed consumable special registered: ticket
[05:20:18] MultiPickup: Managed consumable special registered: chimichanga
[05:20:18] MultiPickup: Managed consumable special registered: c4_stackable
[05:20:18] MultiPickup: Managed consumable special registered: drill
[05:20:18] MultiPickup: Managed consumable special registered: chavez_key
[05:20:18] MultiPickup: Managed consumable special registered: bottle
[05:20:18] MultiPickup: Managed consumable special registered: gas
[05:20:18] MultiPickup: Managed consumable special registered: printer_ink
[05:20:18] MultiPickup: Managed consumable special registered: hydrogen_chloride
[05:20:18] MultiPickup: Managed consumable special registered: wire
[05:20:18] MultiPickup: Managed consumable special registered: fingerprint
[05:20:18] MultiPickup: Managed consumable special registered: hand
[05:20:18] MultiPickup: Managed consumable special registered: paper_roll
[05:20:18] MultiPickup: Managed consumable special registered: flammable_liquid
[05:20:18] MultiPickup: Managed consumable special registered: car_jack
[05:20:18] MultiPickup: Managed consumable special registered: cas_sleeping_gas
[05:20:18] MultiPickup: Managed consumable special registered: crowbar_stack
[05:20:18] MultiPickup: Managed consumable special registered: ranc_hammer
[05:20:18] MultiPickup: Managed consumable special registered: alarm_clock
[05:20:18] MultiPickup: Managed consumable special registered: c4
[05:20:18] MultiPickup: Managed consumable special registered: ranc_mould
[05:20:18] MultiPickup: Managed consumable special registered: tool
[05:20:18] MultiPickup: Managed consumable special registered: fertilizer
[05:20:18] MultiPickup: Managed consumable special registered: thick_skin
[05:20:18] MultiPickup: Managed consumable special registered: cas_elevator_key
[05:20:18] MultiPickup: Managed consumable special registered: fire_extinguisher
[05:20:18] MultiPickup: Managed consumable special registered: barcode_edgewater
[05:20:18] MultiPickup: Managed consumable special registered: blood_sample
[05:20:18] MultiPickup: Managed consumable special registered: scubagear_vest
[05:20:18] MultiPickup: Managed consumable special registered: barcode_isles_beach
[05:20:18] MultiPickup: Managed consumable special registered: deep_oil_sample
[05:20:18] MultiPickup: Managed consumable special registered: bridge
[05:20:18] MultiPickup: Managed consumable special registered: medallion
[05:20:18] MultiPickup: Managed consumable special registered: liquid_nitrogen
[05:20:18] MultiPickup: Managed consumable special registered: mayan_gold_bar
[05:20:18] MultiPickup: Managed consumable special registered: trai_usb_key
[05:20:18] MultiPickup: Managed consumable special registered: ranc_sheriff_star
[05:20:18] MultiPickup: Managed consumable special registered: caustic_soda
[05:20:18] MultiPickup: Managed consumable special registered: lrm_keycard
[05:20:18] MultiPickup: Managed consumable special registered: president_key
[05:20:18] MultiPickup: Managed consumable special registered: mus_glas_cutter
[05:20:18] MultiPickup: Managed consumable special registered: blow_torch
[05:20:18] MultiPickup: Managed consumable special registered: chas_keychain_forklift
[05:20:18] MultiPickup: Managed consumable special registered: trai_container_key
[05:20:18] MultiPickup: Managed consumable special registered: saw
[05:20:18] MultiPickup: Managed consumable special registered: documents
[05:20:18] MultiPickup: Managed consumable special registered: corp_key_fob
[05:20:18] MultiPickup: Managed consumable special registered: barrel
[05:20:18] MultiPickup: Managed consumable special registered: acid
[05:20:18] MultiPickup: Managed consumable special registered: lance
[05:20:18] MultiPickup: Managed consumable special registered: intimidation
[05:20:18] MultiPickup: Managed consumable special registered: manifest
[05:20:18] MultiPickup: Managed consumable special registered: harddrive
[05:20:18] MultiPickup: Managed consumable special registered: cargo_strap
[05:20:18] MultiPickup: Managed consumable special registered: notepad
[05:20:18] MultiPickup: Managed consumable special registered: hotel_room_key
[05:20:18] MultiPickup: Managed consumable special registered: blueprints
[05:20:18] MultiPickup: Managed consumable special registered: scubagear_tank_and_flippers
[05:20:18] MultiPickup: Managed consumable special registered: tape
[05:20:18] MultiPickup: Managed consumable special registered: bleed_out_increase
[05:20:18] MultiPickup: Managed consumable special registered: compound_a
[05:20:18] MultiPickup: Managed consumable special registered: briefcase
[05:20:18] MultiPickup: Managed consumable special registered: defibrillator_paddles
[05:20:18] MultiPickup: Managed consumable special registered: bank_manager_key
[05:20:18] MultiPickup: Managed consumable special registered: gas_canister
[05:20:18] MultiPickup: Managed consumable special registered: barcode_brickell
[05:20:18] MultiPickup: Managed consumable special registered: business_card
[05:20:18] MultiPickup: Managed consumable special registered: files
[05:20:18] MultiPickup: Managed consumable special registered: circle_cutter
[05:20:18] MultiPickup: Managed consumable special registered: c_keys
[05:20:18] MultiPickup: Managed consumable special registered: ranc_silver_ingot
[05:20:18] MultiPickup: Managed consumable special registered: server
[05:20:18] MultiPickup: Managed consumable special registered: compound_d
[05:20:18] MultiPickup: Managed consumable special registered: barcode_downtown
[05:20:18] MultiPickup: Managed consumable special registered: toolset
[05:20:18] MultiPickup: Managed consumable special registered: police_uniform
[05:20:18] MultiPickup: Managed consumable special registered: thermite_paste
[05:20:18] MultiPickup: Managed consumable special registered: extra_cable_tie
[05:20:18] MultiPickup: Managed consumable special registered: equipment_blueprint
[05:20:18] MultiPickup: Managed consumable special registered: adrenaline
[05:20:18] MultiPickup: Managed consumable special registered: thermite
[05:20:18] MultiPickup: Managed consumable special registered: money_bag
[05:20:18] MultiPickup: Managed consumable special registered: planks
[05:20:18] MultiPickup: Managed consumable special registered: blood_sample_verified
[05:20:18] MultiPickup: Managed consumable special registered: plates
[05:20:18] MultiPickup: Managed consumable special registered: cas_winch_hook
[05:20:18] MultiPickup: Managed consumable special registered: chrome_skull
[05:20:18] MultiPickup: Managed consumable special registered: cas_bfd_tool
[05:20:18] MultiPickup: Managed consumable special registered: gold_bag_equip
[05:20:18] MultiPickup: Managed consumable special registered: briefcase_diamond
[05:20:18] MultiPickup: Managed consumable special registered: soda
[05:20:18] MultiPickup: Managed consumable special registered: stapler
[05:20:18] MultiPickup: Managed consumable special registered: help_keycard
[05:20:18] MultiPickup: Managed consumable special registered: cas_usb_key
[05:20:18] MultiPickup: Managed consumable special registered: saw_blade
[05:20:18] MultiPickup: Managed consumable special registered: evidence
[05:20:18] MultiPickup: Managed consumable special registered: barcode_opa_locka
[05:20:18] MultiPickup: Managed consumable special registered: diesel
[05:20:18] MultiPickup: Managed consumable special registered: body_armor
[05:20:18] MultiPickup: Managed consumable special registered: wanker_keys
[05:20:18] MultiPickup: Managed consumable special registered: c4_x3
[05:20:18] MultiPickup: Managed consumable special registered: pex_loaded_card
[05:20:18] MultiPickup: Managed consumable special registered: ranc_acid
[05:20:18] MultiPickup: Managed consumable special registered: extra_start_out_ammo
[05:20:18] MultiPickup: Managed consumable special registered: pex_cutter
[05:20:18] MultiPickup: Managed consumable special registered: pex_loaded_card_lvl_2
[05:20:18] MultiPickup: Managed consumable special registered: pex_unloaded_card
[05:20:18] MultiPickup: Managed consumable special registered: audio_device
[05:20:18] MultiPickup: Managed consumable special registered: stock
[05:20:18] MultiPickup: Removed special_equipment_block from interaction: stash_server_pickup_server
[05:20:18] MultiPickup: Removed special_equipment_block from interaction: take_ticket
[05:20:18] MultiPickup: Removed special_equipment_block from interaction: hold_take_medallion
[05:20:18] MultiPickup: Removed special_equipment_block from interaction: cas_take_sleeping_gas
[05:20:18] MultiPickup: Removed special_equipment_block from interaction: hold_take_sample
[05:20:18] MultiPickup: Removed special_equipment_block from interaction: pickup_hotel_room_keycard
[05:20:18] MultiPickup: Removed special_equipment_block from interaction: hold_take_compound_d
[05:20:18] MultiPickup: Removed special_equipment_block from interaction: gen_pku_thermite_timer
[05:20:18] MultiPickup: Removed special_equipment_block from interaction: gen_pku_blow_torch
[05:20:18] MultiPickup: Removed special_equipment_block from interaction: hold_take_hand
[05:20:18] MultiPickup: Removed special_equipment_block from interaction: pku_barcode_isles_beach
[05:20:18] MultiPickup: Removed special_equipment_block from interaction: pku_barcode_brickell
[05:20:18] MultiPickup: Removed special_equipment_block from interaction: pku_barcode_edgewater
[05:20:18] MultiPickup: Removed special_equipment_block from interaction: gen_pku_crowbar_stack
[05:20:18] MultiPickup: Removed special_equipment_block from interaction: gen_pku_saw
[05:20:18] MultiPickup: Removed special_equipment_block from interaction: cas_bfd_drill_toolbox
[05:20:18] MultiPickup: Removed special_equipment_block from interaction: sfm_take_usb_key
[05:20:18] MultiPickup: Removed special_equipment_block from interaction: press_printer_paper
[05:20:18] MultiPickup: Removed special_equipment_block from interaction: gen_pku_thermite_timer_3sec
[05:20:18] MultiPickup: Removed special_equipment_block from interaction: hold_take_compound_a
[05:20:18] MultiPickup: Removed special_equipment_block from interaction: ranc_take_acid
[05:20:18] MultiPickup: Removed special_equipment_block from interaction: hydrogen_chloride
[05:20:18] MultiPickup: Removed special_equipment_block from interaction: press_take_chimichanga
[05:20:18] MultiPickup: Removed special_equipment_block from interaction: pku_barcode_opa_locka
[05:20:18] MultiPickup: Removed special_equipment_block from interaction: caustic_soda
[05:20:18] MultiPickup: Removed special_equipment_block from interaction: gen_pku_thermite_paste_z_axis
[05:20:18] MultiPickup: Removed special_equipment_block from interaction: take_jfr_briefcase
[05:20:18] MultiPickup: Removed special_equipment_block from interaction: cas_take_usb_key
[05:20:18] MultiPickup: Removed special_equipment_block from interaction: gen_pku_saw_axis
[05:20:18] MultiPickup: Removed special_equipment_block from interaction: computer_blueprints
[05:20:18] MultiPickup: Removed special_equipment_block from interaction: ranc_hold_take_barrel
[05:20:18] UnlimitedFavors hook loaded.
[05:20:18] UnlimitedFavors: PrePlanningManager overrides applied.
[05:20:18] PlayerDamage hook loaded.
[05:20:18] PlayerMovement hook loaded.
[05:20:18] UnlimitedFavors hook loaded.
[05:20:18] UnlimitedFavors: PrePlanningManager overrides applied.
[05:20:18] UnlimitedFavors: MoneyManager overrides applied.
